"Data Source","World Development Indicators",

"Last Updated Date","2026-07-13",

"Country Name","Country Code","Indicator Name","Indicator Code","1960","1961","1962","1963","1964","1965","1966","1967","1968","1969","1970","1971","1972","1973","1974","1975","1976","1977","1978","1979","1980","1981","1982","1983","1984","1985","1986","1987","1988","1989","1990","1991","1992","1993","1994","1995","1996","1997","1998","1999","2000","2001","2002","2003","2004","2005","2006","2007","2008","2009","2010","2011","2012","2013","2014","2015","2016","2017","2018","2019","2020","2021","2022","2023","2024","2025",
"Aruba","ABW","Access to electricity, urban (% of urban population)","EG.ELC.ACCS.UR.ZS","","","","","","","","","","","","","","","","","","","","","","","","","","","","","","","100","99.9241333007813","99.966064453125","99.9903564453125","100","100","100","100","100","100","100","100","100","100","100","100","100","100","100","100","100","100","100","100","100","100","100","100","100","100","100","100","100","100","100","",
"Africa Eastern and Southern","AFE","Access to electricity, urban (% of urban population)","EG.ELC.ACCS.UR.ZS","","","","","","","","","","","","","","","","","","","","","","","","","","","","","","","","","","","","","","","","","53.5982008661557","53.1965384602742","55.3390329277599","56.3034760135244","57.0232382689171","58.1505238981035","58.7879108802774","60.8410995032168","59.0811217585484","61.4102723456832","63.0866942454594","66.0345031995136","66.7187412791239","66.9585998457052","66.0287951501836","67.1693975678267","69.1156725458505","70.9470358996273","71.8169384248205","72.9558440831329","74.3771181846498","75.8419966667537","76.2770144157384","80.6495589479192","80.0492740496487","",
"Afghanistan","AFG","Access to electricity, urban (% of urban population)","EG.ELC.ACCS.UR.ZS","","","","","","","","","","","","","","","","","","","","","","","","","","","","","","","","","","","","","","","","","73.4","74.8","76.1","77.5","78.8","74","81.6","83","89.9","85.9","82.8","86.6","95","92.2","98.7","92.5","99.5","99.5","98.8","99.5","99.5","99.5","95.9","96","97","",
"Africa Western and Central","AFW","Access to electricity, urban (% of urban population)","EG.ELC.ACCS.UR.ZS","","","","","","","","","","","","","","","","","","","","","","","","","","","","","","","","","","77.2971404330408","77.2592734754187","77.0817879531929","74.8253472313771","74.2432019676355","74.7934856262398","74.5747397474155","73.1673617899754","73.7860450937069","73.7970513760214","74.8266858591573","74.6476547183827","75.2552418981252","75.9715903441551","77.40941073054","76.7176333404663","76.5802509072028","74.7157325211482","80.1232503396511","79.4175823038628","79.2518408279826","80.2408492443253","78.4873861749876","81.9386893658641","82.8494141888898","80.3079833068358","82.6784389750083","83.2437168402274","86.6860388718378","86.7793773833545","84.8040438550224","85.8938427493386","",
"Angola","AGO","Access to electricity, urban (% of urban population)","EG.ELC.ACCS.UR.ZS","","","","","","","","","","","","","","","","","","","","","","","","","","","","","","","","","","","","","","","","","44.9","30","47.7","49","50.4","51.8","53.3","66.1","61.3","57.7","73.6","82.5","70.3","68.6","51","64","67.9","69.4","65.3","72.2","73.6","75","76.2","77.9","78","",
"Albania","ALB","Access to electricity, urban (% of urban population)","EG.ELC.ACCS.UR.ZS","","","","","","","","","","","","","","","","","","","","","","","","","","","","","","","100","100","100","100","100","100","100","100","100","100","96.1","96.3","96.6","96.8","97.1","97.4","97.7","98","98.3","98.7","99.1","99.5","99.9","99.9","100","100","100","100","100","100","100","100","100","100","100","",
"Andorra","AND","Access to electricity, urban (% of urban population)","EG.ELC.ACCS.UR.ZS","","","","","","","","","","","","","","","","","","","","","","","","","","","","","","","100","100","100","100","100","100","100","100","100","100","100","100","100","100","100","100","100","100","100","100","100","100","100","100","100","100","100","100","100","100","100","100","100","100","100","",
"Arab World","ARB","Access to electricity, urban (% of urban population)","EG.ELC.ACCS.UR.ZS","","","","","","","","","","","","","","","","","","","","","","","","","","","","","","","","","","","","","","","","","94.16976359387","94.2093846665409","94.259311955628","94.4895983832777","94.670523631844","94.5969243125681","95.4175335604356","94.9987159567081","94.3647907610276","95.0324671578079","96.8920358260721","97.0653078449901","97.0688822843378","97.3334715778354","97.3107690162282","97.1641979505909","97.3085802293717","97.3733649794418","96.9339397365112","97.406238529904","97.4737649991652","97.525178378762","97.865546338499","98.1464688805601","97.9513566665397","",
"United Arab Emirates","ARE","Access to electricity, urban (% of urban population)","EG.ELC.ACCS.UR.ZS","","","","","","","","","","","","","","","","","","","","","","","","","","","","","","","100","100","100","100","100","100","100","100","100","100","100","100","100","100","100","100","100","100","100","100","100","100","100","100","100","100","100","100","100","100","100","100","100","100","100","",
"Argentina","ARG","Access to electricity, urban (% of urban population)","EG.ELC.ACCS.UR.ZS","","","","","","","","","","","","","","","","","","","","","","","","","","","","","","","94.1390151977539","94.4131164550781","94.6866989135742","94.9571228027344","95.2212295532227","95.4758529663086","95.7178421020508","95.9440383911133","96.1512680053711","96.3380737304688","96.2","96.3","96.5","96.7","96.9","97.1","97.3","97.6","97.9","98.2","98.8","99.2","99.4","99.7","100","99.9","100","100","100","100","100","100","100","100","100","",
"Armenia","ARM","Access to electricity, urban (% of urban population)","EG.ELC.ACCS.UR.ZS","","","","","","","","","","","","","","","","","","","","","","","","","","","","","","","","","","","","","","","","","99.1","99.3","99.2","99.2","99.2","99.9","99.2","99.3","99.4","99.4","99.7","99.6","99.7","99.4","99.7","100","99.8","99.8","99.9","100","100","99.9","100","100","100","",
"American Samoa","ASM","Access to electricity, urban (% of urban population)","EG.ELC.ACCS.UR.ZS","","","","","","","","","","","","","","","","","","","","","","","","","","","","","","","","","","","","","","","","","","","","","","","","","","","","","","","","","","","","","","","","","","",
"Antigua and Barbuda","ATG","Access to electricity, urban (% of urban population)","EG.ELC.ACCS.UR.ZS","","","","","","","","","","","","","","","","","","","","","","","","","","","","","","","100","100","100","100","100","100","100","100","100","100","100","100","100","99.9","99.9","100","100","100","100","99.9","100","100","100","100","100","100","100","100","100","100","100","100","100","100","100","",
"Australia","AUS","Access to electricity, urban (% of urban population)","EG.ELC.ACCS.UR.ZS","","","","","","","","","","","","","","","","","","","","","","","","","","","","","","","100","100","100","100","100","100","100","100","100","100","100","100","100","100","100","100","100","100","100","100","100","100","100","100","100","100","100","100","100","100","100","100","100","100","100","",
"Austria","AUT","Access to electricity, urban (% of urban population)","EG.ELC.ACCS.UR.ZS","","","","","","","","","","","","","","","","","","","","","","","","","","","","","","","100","100","100","100","100","100","100","100","100","100","100","100","100","100","100","100","100","100","100","100","100","100","100","100","100","100","100","100","100","100","100","100","100","100","100","",
"Azerbaijan","AZE","Access to electricity, urban (% of urban population)","EG.ELC.ACCS.UR.ZS","","","","","","","","","","","","","","","","","","","","","","","","","","","","","","","","","","","","","","","","99.5551452636719","99.7","99.5","99.5","99.5","99.5","99.6","99.8","99.7","99.8","99.9","100","99.9","100","100","100","100","100","100","100","100","100","100","100","100","100","",
"Burundi","BDI","Access to electricity, urban (% of urban population)","EG.ELC.ACCS.UR.ZS","","","","","","","","","","","","","","","","","","","","","","","","","","","","","","","","","","","","","","","60.6","50.5398025512695","49.6","49.9","50.2","50.5","50.8","45","51.5","51.8","39.6","52.6","49","53.4","58.5","52.4","52.1","56.5","57.6","61.8","59.8","60.8","60.5","62.8","64","65","70","",
"Belgium","BEL","Access to electricity, urban (% of urban population)","EG.ELC.ACCS.UR.ZS","","","","","","","","","","","","","","","","","","","","","","","","","","","","","","","100","100","100","100","100","100","100","100","100","100","100","100","100","100","100","100","100","100","100","100","100","100","100","100","100","100","100","100","100","100","100","100","100","100","100","",
"Benin","BEN","Access to electricity, urban (% of urban population)","EG.ELC.ACCS.UR.ZS","","","","","","","","","","","","","","","","","","","","","","","","","","","","","","","","","","","","","34.4","44.7813873291016","45.7014350891113","46.6010475158691","47.5","49.6","49.2","50.1","51","51.9","56.6","53.8","54.7","55.7","65.4","67","68.6","61","55.8","51.7","62.5","54.2","64.3","65.2","66.1","67","71.1","70.3","71.6","",
"Burkina Faso","BFA","Access to electricity, urban (% of urban population)","EG.ELC.ACCS.UR.ZS","","","","","","","","","","","","","","","","","","","","","","","","","","","","","","","","","","29.4","33.4402618408203","34.6333847045898","35.8138656616211","36.9785537719727","38.1242828369141","39.7","40.4","41.5","42.6","52.4","44.8","45.9","47","48.2","49.4","44.4","48.5","53.1","54.3","55.5","58.4","58.2","59.7","61.4","62.3","64.6","66.1","67.6","60.5","62.6","87.8","",
"Bangladesh","BGD","Access to electricity, urban (% of urban population)","EG.ELC.ACCS.UR.ZS","","","","","","","","","","","","","","","","","","","","","","","","","","","","","","","","58.060595224431","67.5852737426758","68.7489700317383","75.2","71.0542449951172","72.1895065307617","79.5","74.4094772338867","75.4895477294922","81.2","77.6","78.7","79.7","76.6","82.6","77.8","82.1","85.2","86.4","90.1","90.2","90.6","88","90.7","93.6","94","99.5","96.6","97.8","97.8","99.7","100","99.5","99.5","",
"Bulgaria","BGR","Access to electricity, urban (% of urban population)","EG.ELC.ACCS.UR.ZS","","","","","","","","","","","","","","","","","","","","","","","","","","","","","","","100","100","100","100","100","100","100","100","100","100","92.8","93","93.3","93.6","93.9","94.2","94.6","95","95.3","95.7","96.2","96.6","97.1","97.5","97.8","98.1","98.4","98.8","99.1","99.4","99.8","99.9","100","100","100","",
"Bahrain","BHR","Access to electricity, urban (% of urban population)","EG.ELC.ACCS.UR.ZS","","","","","","","","","","","","","","","","","","","","","","","","","","","","","","","100","100","100","100","100","100","100","100","100","100","100","100","100","100","100","100","100","100","100","100","100","100","100","100","100","100","100","100","100","100","100","100","100","100","100","",
"Bahamas, The","BHS","Access to electricity, urban (% of urban population)","EG.ELC.ACCS.UR.ZS","","","","","","","","","","","","","","","","","","","","","","","","","","","","","","","100","100","100","100","100","100","100","100","100","100","100","100","100","100","100","100","100","100","100","100","100","100","100","100","100","100","100","100","100","100","100","100","100","100","100","",
"Bosnia and Herzegovina","BIH","Access to electricity, urban (% of urban population)","EG.ELC.ACCS.UR.ZS","","","","","","","","","","","","","","","","","","","","","","","","","","","","","","","100","100","100","100","100","100","100","100","100","100","99.1","99.1","99.3","99.2","99.3","99.3","99.7","99.5","99.7","99.8","99.9","99.8","100","100","100","100","100","100","100","100","100","100","100","100","100","",
"Belarus","BLR","Access to electricity, urban (% of urban population)","EG.ELC.ACCS.UR.ZS","","","","","","","","","","","","","","","","","","","","","","","","","","","","","","","100","100","100","100","100","100","100","100","100","100","93.1","93.4","93.7","94","94.3","94.6","95","95.4","95.8","96.2","96.6","97.1","97.5","97.9","98.3","98.6","99","99.3","99.7","100","100","100","100","100","100","",
"Belize","BLZ","Access to electricity, urban (% of urban population)","EG.ELC.ACCS.UR.ZS","","","","","","","","","","","","","","","","","","","","","","","","","","","","","","","","94","94.394660949707","94.5817260742188","94.7624740600586","94.9337387084961","95.0923690795898","95.2352066040039","95.3590850830078","95.4625244140625","95","95.6","95.7","95.8","95.9","96","98.1","96.3","96.4","96.6","97","96.3","97.2","97.4","97.6","96.9","97.9","98","97.9","98.5","98.3","98.4","98.4","99.8","99.8","",
"Bermuda","BMU","Access to electricity, urban (% of urban population)","EG.ELC.ACCS.UR.ZS","","","","","","","","","","","","","","","","","","","","","","","","","","","","","","","100","100","100","100","100","100","100","100","100","100","100","100","100","100","100","100","100","100","100","100","100","100","100","100","100","100","100","100","100","100","100","100","100","100","100","",
"Bolivia","BOL","Access to electricity, urban (% of urban population)","EG.ELC.ACCS.UR.ZS","","","","","","","","","","","","","","","","","","","","","","","","","","","","","","","","","94.571038","96.038393","93","94.3611602783203","96.7","95.815075","96.1","97.837216","95.8","94.2","88.6","94","96.1","89.9","95.2","98.2","99.2","98.9","98.8","99.1","99.2","99.5","99.3","99.5","99.5","99.4","99.5","99.5","99.9","100","100","99.9","99.8","",
"Brazil","BRA","Access to electricity, urban (% of urban population)","EG.ELC.ACCS.UR.ZS","","","","","","","","","","","","","","","","","","","","","","","","","","","","","","","97.538681","98.2193756103516","97.523788","98.033975","98.5986251831055","98.589696","98.915038","99.056926","99.137016","99.186252","99","99.2","99.4","99.5","99.6","99.6","99.7","99.8","99.8","99.9","99.8","99.9","99.9","99.9","99.9","100","99.9","99.9","99.9","100","99.9","99.8","100","99.9","99.9","",
"Barbados","BRB","Access to electricity, urban (% of urban population)","EG.ELC.ACCS.UR.ZS","","","","","","","","","","","","","","","","","","","","","","","","","","","","","","","100","100","100","100","100","100","100","100","100","100","100","100","100","99.9","99.8","99.8","100","100","100","100","100","100","100","100","100","100","100","100","100","100","100","100","100","100","100","",
"Brunei Darussalam","BRN","Access to electricity, urban (% of urban population)","EG.ELC.ACCS.UR.ZS","","","","","","","","","","","","","","","","","","","","","","","","","","","","","","","100","100","100","100","100","100","100","100","100","100","100","100","100","100","100","100","100","100","100","100","100","100","100","100","100","100","100","100","100","100","100","100","100","100","100","",
"Bhutan","BTN","Access to electricity, urban (% of urban population)","EG.ELC.ACCS.UR.ZS","","","","","","","","","","","","","","","","","","","","","","","","","","","","","","","","","","","","","","","","","96.7","97.1","97.2","97.4","97.4","96.8","97.8","98.7","98.2","98.4","99.3","99.4","99.6","99.5","99.5","99.7","99.9","99.1","100","100","100","100","100","100","100","",
"Botswana","BWA","Access to electricity, urban (% of urban population)","EG.ELC.ACCS.UR.ZS","","","","","","","","","","","","","","","","","","","","","","","","","","","","","","","","17.5","18.3537273406982","20.9881744384766","23.616304397583","26.234956741333","28.840970993042","31.431188583374","34.0024490356445","36.5532760620117","39.2","37","44.2","46.7","49.2","51.7","54.3","56.9","60.1","60.8","68.2","69.1","72.6","74.8","76.8","79.6","80.9","84","85.5","88","90.6","93.1","95.5","97.7","96.7","",
"Central African Republic","CAF","Access to electricity, urban (% of urban population)","EG.ELC.ACCS.UR.ZS","","","","","","","","","","","","","","","","","","","","","","","","","","","","","","","","","","","","8","9.1618595123291","10.1394186019897","11.0980224609375","12.0361928939819","15.6","13.9","14.8","15.7","16.6","17.6","20.3","19.6","11.9","21.6","24.9","26.1","27.1","28","28.8","29.7","30.5","31.4","32.2","32.1","33.9","34.7","34.7","37.4","38.8","",
"Canada","CAN","Access to electricity, urban (% of urban population)","EG.ELC.ACCS.UR.ZS","","","","","","","","","","","","","","","","","","","","","","","","","","","","","","","100","100","100","100","100","100","100","100","100","100","100","100","100","100","100","100","100","100","100","100","100","100","100","100","100","100","100","100","100","100","100","100","100","100","100","",
"Central Europe and the Baltics","CEB","Access to electricity, urban (% of urban population)","EG.ELC.ACCS.UR.ZS","","","","","","","","","","","","","","","","","","","","","","","","","","","","","","","100","100","100","100","100","100","100","100","100","100","98.4445214175673","98.4669289141963","98.5250560455461","98.5299029848522","98.5792538759575","98.6293276074599","98.7265128736586","98.8489753584719","98.9673939184742","99.1727547792149","99.3296646366782","99.4361465789322","99.5421948298932","99.6286071394212","99.6715728420842","99.7145626579753","99.7899454335994","99.8393325721153","99.8967381836297","99.9534698802295","99.9846003665115","99.9922613084017","100","100","100","",
"Switzerland","CHE","Access to electricity, urban (% of urban population)","EG.ELC.ACCS.UR.ZS","","","","","","","","","","","","","","","","","","","","","","","","","","","","","","","100","100","100","100","100","100","100","100","100","100","100","100","100","100","100","100","100","100","100","100","100","100","100","100","100","100","100","100","100","100","100","100","100","100","100","",
"Channel Islands","CHI","Access to electricity, urban (% of urban population)","EG.ELC.ACCS.UR.ZS","","","","","","","","","","","","","","","","","","","","","","","","","","","","","","","100","100","100","100","100","100","100","100","100","100","100","100","100","100","100","100","100","100","100","100","100","100","100","100","100","100","100","100","100","100","100","100","100","100","100","",
"Chile","CHL","Access to electricity, urban (% of urban population)","EG.ELC.ACCS.UR.ZS","","","","","","","","","","","","","","","","","","","","","","","","","","","","","","","98.846714","99.1867752075195","99.107534","99.3453903198242","99.4167938232422","99.4787292480469","99.441775","99.5615158081055","99.667146","99.5701675415039","99.8","99.5","99.5","99.7","99.4","99.4","99.8","99.5","99.5","99.9","99.7","99.9","100","99.8","100","99.9","100","99.8","100","100","100","100","100","100","100","",
"China","CHN","Access to electricity, urban (% of urban population)","EG.ELC.ACCS.UR.ZS","","","","","","","","","","","","","","","","","","","","","","","","","","","","","","","","","","","","","","","","","100","99.7","99.7","99.7","99.7","99.8","99.8","99.9","100","100","100","100","100","100","100","100","100","100","100","100","100","100","100","100","100","",
"Cote d'Ivoire","CIV","Access to electricity, urban (% of urban population)","EG.ELC.ACCS.UR.ZS","","","","","","","","","","","","","","","","","","","","","","","","","","","","","","","","","","","69.7","78.3763961791992","79.044189453125","79.6961898803711","80.329231262207","85.9","81.6","82.1","82.7","83.3","83.9","86.4","91.2","85.8","88.8","87.2","87.9","88.1","88.1","89.9","90.6","86.5","92","92.5","93.1","93.7","94.3","94.9","95","93.9","94.3","",
"Cameroon","CMR","Access to electricity, urban (% of urban population)","EG.ELC.ACCS.UR.ZS","","","","","","","","","","","","","","","","","","","","","","","","","","","","","","","","63","70.0741653442383","70.9762649536133","71.8720397949219","72.7583389282227","73.6319961547852","74.489860534668","79","76.1472473144531","79","84","78.5","79.3","77.1","80.9","73","90.4","83.5","84.4","87.4","87.5","88.2","88.5","89.2","89.8","90.6","91.4","90","93.1","93.9","94.7","94","95.8","95.6","",
"Congo, Dem. Rep.","COD","Access to electricity, urban (% of urban population)","EG.ELC.ACCS.UR.ZS","","","","","","","","","","","","","","","","","","","","","","","","","","","","","","","","","","","","","","","","","20","23.9","25.4","26.9","28.4","30","31.4","36.6","34.6","36.2","37.8","39.4","40.8","42.5","42","37.5","38.6","39.7","40.8","41.2","42.8","43.8","45.3","55.6","55","",
"Congo, Rep.","COG","Access to electricity, urban (% of urban population)","EG.ELC.ACCS.UR.ZS","","","","","","","","","","","","","","","","","","","","","","","","","","","","","","","","","","","","","","","","","46.2","47.1","48","49","49.9","50.8","51.8","52.8","53.8","53.6","57.1","58.1","58.9","60.1","61","61.8","62.7","63.6","64.5","65.3","66.2","67","67.5","69.4","72","",
"Colombia","COL","Access to electricity, urban (% of urban population)","EG.ELC.ACCS.UR.ZS","","","","","","","","","","","","","","","","","","","","","","","","","","","","","","","97.9","98.7059326171875","98.8057022094727","98.9023056030273","98.9925918579102","99.2","99.1415786743164","99.1939544677734","99.2273712158203","99.2403564453125","99.4","99.9","99.2","99.2","99.2","99.3","99.2","99.3","99.7","99.6","99.8","99.8","99.7","99.8","99.8","99.8","99.8","99.9","99.9","100","100","100","100","100","99.9","",
"Comoros","COM","Access to electricity, urban (% of urban population)","EG.ELC.ACCS.UR.ZS","","","","","","","","","","","","","","","","","","","","","","","","","","","","","","","","","","","","","51.8","59.0517616271973","60.8158149719238","62.5594367980957","64.4","66","74.6","69.4","71.1","72.8","74.5","76.3","78","79.8","85","84.9","85.1","87","88.7","90.5","92.2","93.9","95.6","97.3","99","100","100","98.3","98.5","",
"Cabo Verde","CPV","Access to electricity, urban (% of urban population)","EG.ELC.ACCS.UR.ZS","","","","","","","","","","","","","","","","","","","","","","","","","","","","","","","","","","","","","","","","","81.9","82.5","81.3","83.6","84.2","85","85.4","86","86.7","87.3","90.6","91","91.4","91.7","91.9","92.1","92.3","92.5","93.1","93.5","94.3","94.9","95.3","96.5","98.6","",
"Costa Rica","CRI","Access to electricity, urban (% of urban population)","EG.ELC.ACCS.UR.ZS","","","","","","","","","","","","","","","","","","","","","","","","","","","","","","","","","","","","","","","","","99.8","99.9","99.9","99.9","99.8","99.9","99.9","99.9","99.9","99.9","99.7","100","100","99.9","99.7","99.9","99.8","99.8","99.9","99.9","99.9","99.8","100","100","99.9","",
"Caribbean small states","CSS","Access to electricity, urban (% of urban population)","EG.ELC.ACCS.UR.ZS","","","","","","","","","","","","","","","","","","","","","","","","","","","","","","","","","","","","","","","","","97.4478832529765","97.4787765450826","97.4647427998859","97.4619363875443","97.4941181079883","96.8472026383061","96.8891615922554","97.7968921313069","97.8462757641403","98.1594903180857","98.2368842366988","97.8427894152736","98.5598456090491","98.6679237805385","98.775058888856","98.8105750838621","98.9788489327166","99.0903996447222","99.2274118716942","99.40358762131","99.4875948338336","99.5365547958078","99.6807355724067","99.643756427561","99.9843904568459","",
"Cuba","CUB","Access to electricity, urban (% of urban population)","EG.ELC.ACCS.UR.ZS","","","","","","","","","","","","","","","","","","","","","","","","","","","","","","","","","","","","","","","","","100","99.7","99.7","99.6","99.6","99.6","99.6","99.6","99.7","99.8","99.8","99.9","100","100","100","100","100","100","100","99.9","100","100","100","100","100","",
"Curacao","CUW","Access to electricity, urban (% of urban population)","EG.ELC.ACCS.UR.ZS","","","","","","","","","","","","","","","","","","","","","","","","","","","","","","","99.5024108886719","99.5690002441406","99.6350708007813","99.6979751586914","99.7545623779297","99.8016738891602","99.8361511230469","99.8548278808594","99.8545455932617","99.8338317871094","99.6","99.6","99.5","99.5","99.5","99.5","99.5","99.5","99.6","99.7","100","100","100","100","100","100","100","100","100","100","100","100","100","100","100","",
"Cayman Islands","CYM","Access to electricity, urban (% of urban population)","EG.ELC.ACCS.UR.ZS","","","","","","","","","","","","","","","","","","","","","","","","","","","","","","","99.8430480957031","99.8984603881836","99.9473114013672","100","100","100","100","100","100","100","100","100","100","100","100","100","100","100","100","100","100","100","100","100","100","100","100","100","100","100","100","100","100","100","100","",
"Cyprus","CYP","Access to electricity, urban (% of urban population)","EG.ELC.ACCS.UR.ZS","","","","","","","","","","","","","","","","","","","","","","","","","","","","","","","100","100","100","100","100","100","100","100","100","100","100","100","100","100","100","100","100","100","100","100","100","100","100","100","100","100","100","100","100","100","100","100","100","100","100","",
"Czechia","CZE","Access to electricity, urban (% of urban population)","EG.ELC.ACCS.UR.ZS","","","","","","","","","","","","","","","","","","","","","","","","","","","","","","","100","100","100","100","100","100","100","100","100","100","100","100","100","99.9","99.9","99.8","100","100","100","100","100","100","100","100","100","100","100","100","100","100","100","100","100","100","100","",
"Germany","DEU","Access to electricity, urban (% of urban population)","EG.ELC.ACCS.UR.ZS","","","","","","","","","","","","","","","","","","","","","","","","","","","","","","","100","100","100","100","100","100","100","100","100","100","100","100","100","100","100","100","100","100","100","100","100","100","100","100","100","100","100","100","100","100","100","100","100","100","100","",
"Djibouti","DJI","Access to electricity, urban (% of urban population)","EG.ELC.ACCS.UR.ZS","","","","","","","","","","","","","","","","","","","","","","","","","","","","","","","","","","","","","53.5521049499512","54.3137550354004","55.0564498901367","55.7787132263184","56.5","57.2","56.9","58.6","59.3","60","62.4","61.5","62.3","63.1","64","64.8","64.2","66.4","67.1","67.9","68.6","70","70.6","71.6","72.6","73.5","72.8","74.6","74.9","",
"Dominica","DMA","Access to electricity, urban (% of urban population)","EG.ELC.ACCS.UR.ZS","","","","","","","","","","","","","","","","","","","","","","","","","","","","","","","","","","","","","","","","","","","","","","","","","","","","","","","","","","","","","100","100","100","100","100","",
"Denmark","DNK","Access to electricity, urban (% of urban population)","EG.ELC.ACCS.UR.ZS","","","","","","","","","","","","","","","","","","","","","","","","","","","","","","","100","100","100","100","100","100","100","100","100","100","100","100","100","100","100","100","100","100","100","100","100","100","100","100","100","100","100","100","100","100","100","100","100","100","100","",
"Dominican Republic","DOM","Access to electricity, urban (% of urban population)","EG.ELC.ACCS.UR.ZS","","","","","","","","","","","","","","","","","","","","","","","","","","","","","","","","96.5","95.3058319091797","95.5439147949219","95.7756805419922","95.9979705810547","96.2076187133789","96.4014739990234","96.5763702392578","98.9","96.6","96.9","96.7","95","95.5","95.2","94.4","99.6","99.6","99.7","99.8","99.7","99.7","99.9","99.9","99.8","99.9","99.7","99.6","99.6","100","98.8","98.8","100","99.8","",
"Algeria","DZA","Access to electricity, urban (% of urban population)","EG.ELC.ACCS.UR.ZS","","","","","","","","","","","","","","","","","","","","","","","","","","","","","","","","","","","","","","","","","99.5","99.4","99.4","99.3","99.3","99.3","99.4","99.4","100","99.5","99.6","99.7","99.3","99.8","99.9","99.9","99.9","99.9","99.9","99.8","99.9","100","100","100","100","",
"East Asia & Pacific (excluding high income)","EAP","Access to electricity, urban (% of urban population)","EG.ELC.ACCS.UR.ZS","","","","","","","","","","","","","","","","","","","","","","","","","","","","","","","","","","","","","","","","","98.292752349163","98.1573171798557","98.2538971223542","98.6372365357428","98.3946165674553","98.5184275675441","98.6314164714558","98.9261777564987","99.0141751478397","99.2137576505559","99.3097466756936","99.3731126148456","99.3777411817819","99.4446633647","99.4799489468044","99.5658180640605","99.6346057033292","99.6580171400092","99.6959267429133","99.7207658645051","99.7046289933768","99.7796581459608","99.7727728257707","99.7997846528874","99.8825449351039","",
"Early-demographic dividend","EAR","Access to electricity, urban (% of urban population)","EG.ELC.ACCS.UR.ZS","","","","","","","","","","","","","","","","","","","","","","","","","","","","","","","","","","88.2892051735076","89.9014526602312","90.0757428629595","90.2714004576915","91.2520327611444","91.1614101722846","92.6399318982255","92.8581175954388","92.8055788480126","93.1209477866013","93.5609817381209","93.4990745544464","93.9264627954782","94.3898834526099","94.6680998454978","95.0867988827478","96.1243510047771","95.7375224186321","96.3677078436144","96.7342884859318","96.9220653535098","97.3136021425747","97.4079155417006","97.7966084035065","98.3666380294769","98.3038010688781","98.7009551413369","98.5086275874682","98.9876359090573","99.0589074520098","99.3287104617778","99.2277738217297","",
"East Asia & Pacific","EAS","Access to electricity, urban (% of urban population)","EG.ELC.ACCS.UR.ZS","","","","","","","","","","","","","","","","","","","","","","","","","","","","","","","","","","","","","","","","","98.6425585847451","98.5264130501683","98.5966911887718","98.900232953165","98.700335372553","98.7962528303613","98.8835194390757","99.1202297556846","99.1899645853365","99.351361120936","99.4287881023663","99.4773417363762","99.4789678545353","99.5329482740399","99.5609305202006","99.6318530621383","99.6889676289178","99.7078086212053","99.739284411937","99.7599016744067","99.7454452562879","99.8094970179742","99.8032548003291","99.8265523701021","99.8981651604974","",
"Europe & Central Asia (excluding high income)","ECA","Access to electricity, urban (% of urban population)","EG.ELC.ACCS.UR.ZS","","","","","","","","","","","","","","","","","","","","","","","","","","","","","","","","","","","","","","","","","99.2045236320146","99.1858050248799","99.2210293532066","99.255411346043","99.2369546267674","99.3368519589957","99.3347368825787","99.435581945061","99.5073907530027","99.5933897997403","99.7785403809528","99.8067063168442","99.8376171003964","99.8630406247273","99.8993365553122","99.8940537035605","99.9349852388129","99.954562623116","99.9698093000615","99.9794483326546","99.9821517145746","99.9779732939792","99.9843019011466","100","99.998370431697","",
"Europe & Central Asia","ECS","Access to electricity, urban (% of urban population)","EG.ELC.ACCS.UR.ZS","","","","","","","","","","","","","","","","","","","","","","","","","","","","","","","100","100","100","100","100","99.9981931725171","99.99898362312","99.9957882110464","99.9958236280591","99.9838296797193","99.3709764415956","99.3726686427207","99.3896423848102","99.382643669971","99.3874964204384","99.4175334131776","99.4471114643978","99.4840500170063","99.530786435431","99.5892224701735","99.7143981601008","99.748534934264","99.916786931682","99.9311431971316","99.9437810914004","99.1477839769572","99.8178762289067","99.8277802718033","99.9828563448286","99.8620353001219","99.8661240454801","99.8664147378546","99.8450525303378","100","99.9995958650925","",
"Ecuador","ECU","Access to electricity, urban (% of urban population)","EG.ELC.ACCS.UR.ZS","","","","","","","","","","","","","","","","","","","","","","","","","","","","","","","","","","","","97.908304","99.0552978515625","99.1090621948242","99.626074","99.289697","99.2","99.2","99.1","99.3","99.1","99.7","99.5","99.6","99.6","99","99.7","99.8","99.6","99.5","99.8","99.9","99.8","100","99.7","99.8","99.7","100","100","100","100","",
"Egypt, Arab Rep.","EGY","Access to electricity, urban (% of urban population)","EG.ELC.ACCS.UR.ZS","","","","","","","","","","","","","","","","","","","","","","","","","","","","","","","","","98.4","99.0504684448242","99.1348495483398","99","99.2720260620117","99.3184967041016","99.3460083007813","99.3530960083008","99.5","99.3","99.3","99.7","99.8","99.8","99.3","99.4","99.9","99.5","99.7","99.7","99.5","99.9","99.9","99.1","100","100","100","100","100","100","100","100","100","",
"Euro area","EMU","Access to electricity, urban (% of urban population)","EG.ELC.ACCS.UR.ZS","","","","","","","","","","","","","","","","","","","","","","","","","","","","","","","100","100","100","100","100","100","100","100","100","100","99.8241473537284","99.8302922655035","99.8386810745291","99.8445091540295","99.8523687740494","99.8602363356206","99.8711944375012","99.8841349041858","99.8956498854497","99.9075316556732","99.9176218435335","99.9272823863342","99.941320404263","99.9504889771893","99.957052318081","99.963558995588","99.9698579328279","99.9776996312192","99.983524082588","99.9892014320099","99.9964645208284","99.9982467988692","100","100","100","",
"Eritrea","ERI","Access to electricity, urban (% of urban population)","EG.ELC.ACCS.UR.ZS","","","","","","","","","","","","","","","","","","","","","","","","","","","","","","","","","","","","80.6","79.9806365966797","79.797737121582","79.5958786010742","79.3735885620117","79.2","78.9","78.3","78.5","78.3","78.1","77.9","77.8","77.7","77.6","77.5","77.3","77.2","77.1","77","76.8","76.7","76.5","76.3","76.1","75.9","75.7","75.5","77.1","78.1","",
"Spain","ESP","Access to electricity, urban (% of urban population)","EG.ELC.ACCS.UR.ZS","","","","","","","","","","","","","","","","","","","","","","","","","","","","","","","100","100","100","100","100","100","100","100","100","100","100","100","100","100","100","100","100","100","100","100","100","100","100","100","100","100","100","100","100","100","100","100","100","100","100","",
"Estonia","EST","Access to electricity, urban (% of urban population)","EG.ELC.ACCS.UR.ZS","","","","","","","","","","","","","","","","","","","","","","","","","","","","","","","100","100","100","100","100","100","100","100","100","100","100","100","100","99.9","99.9","99.8","100","100","100","100","100","100","100","100","100","100","100","100","100","100","100","100","100","100","100","",
"Ethiopia","ETH","Access to electricity, urban (% of urban population)","EG.ELC.ACCS.UR.ZS","","","","","","","","","","","","","","","","","","","","","","","","","","","","","","","","","","","","","","","","","76.2","79.3","79.9","80.6","81.2","85.7","82.6","83.3","84","84.8","85.6","85.2","87.1","87.8","92","85","85.4","96.6","91.8","92.7","93.5","94.3","94","94.7","95.1","",
"European Union","EUU","Access to electricity, urban (% of urban population)","EG.ELC.ACCS.UR.ZS","","","","","","","","","","","","","","","","","","","","","","","","","","","","","","","100","100","100","100","100","100","100","100","100","100","99.6624696404574","99.6707963879726","99.6866247758661","99.6904630079149","99.7033978376632","99.7159088025974","99.7378054854312","99.7651252017817","99.7907492420643","99.8333097508463","99.8657624225492","99.8873040992364","99.909066949232","99.9267443992519","99.9356115253925","99.9444418094275","99.9594872044965","99.9692098840811","99.9803493262213","99.9912054013735","99.9971164074518","99.9985671102981","100","100","100","",
"Finland","FIN","Access to electricity, urban (% of urban population)","EG.ELC.ACCS.UR.ZS","","","","","","","","","","","","","","","","","","","","","","","","","","","","","","","100","100","100","100","100","100","100","100","100","100","100","100","100","100","100","100","100","100","100","100","100","100","100","100","100","100","100","100","100","100","100","100","100","100","100","",
"Fiji","FJI","Access to electricity, urban (% of urban population)","EG.ELC.ACCS.UR.ZS","","","","","","","","","","","","","","","","","","","","","","","","","","","","","","","","","","","","","89.5798950195313","90.0651931762695","90.5315399169922","90.9774475097656","92.6","92.8","92","92","93.3","93.5","93.8","94","96.5","94.6","96.9","97","97.1","97.3","97","96.8","96.7","96.7","96.9","97.1","97.3","96","97.6","100","98.2","",
"France","FRA","Access to electricity, urban (% of urban population)","EG.ELC.ACCS.UR.ZS","","","","","","","","","","","","","","","","","","","","","","","","","","","","","","","100","100","100","100","100","100","100","100","100","100","100","100","100","100","100","100","100","100","100","100","100","100","100","100","100","100","100","100","100","100","100","100","100","100","100","",
"Faroe Islands","FRO","Access to electricity, urban (% of urban population)","EG.ELC.ACCS.UR.ZS","","","","","","","","","","","","","","","","","","","","","","","","","","","","","","","100","100","100","100","100","100","100","100","100","100","100","100","100","100","100","100","100","100","100","100","100","100","100","100","100","100","100","100","100","100","100","100","99.9","100","100","",
"Micronesia, Fed. Sts.","FSM","Access to electricity, urban (% of urban population)","EG.ELC.ACCS.UR.ZS","","","","","","","","","","","","","","","","","","","","","","","","","","","","","","","","","","","","","","","","","70","72.2","73.4","74.6","75.8","77.1","78.3","79.6","80.9","82.3","84.6","85.6","86.4","87.6","88.9","90.1","91.4","92.6","93.9","95.1","96.4","97.6","98.6","97.3","98.8","",
"Gabon","GAB","Access to electricity, urban (% of urban population)","EG.ELC.ACCS.UR.ZS","","","","","","","","","","","","","","","","","","","","","","","","","","","","","","","","","","","","","","","","","90.2","91.4","91.7","92","92.3","93.2","93","93.4","93.8","94.2","96","96.2","98.1","94.3","96.6","96.7","97","97.8","97.7","98","98.4","98.7","98.5","99.2","99","",
"United Kingdom","GBR","Access to electricity, urban (% of urban population)","EG.ELC.ACCS.UR.ZS","","","","","","","","","","","","","","","","","","","","","","","","","","","","","","","100","100","100","100","100","100","100","100","100","100","100","100","100","100","100","100","100","100","100","100","100","100","100","100","100","100","100","100","100","100","100","100","99.9","100","100","",
"Georgia","GEO","Access to electricity, urban (% of urban population)","EG.ELC.ACCS.UR.ZS","","","","","","","","","","","","","","","","","","","","","","","","","","","","","","","","","","","","","","","","","99.9","99.9","100","100","99.9","98.3","100","100","100","100","100","100","100","100","100","100","100","100","99.8","100","100","99.9","100","100","100","",
"Ghana","GHA","Access to electricity, urban (% of urban population)","EG.ELC.ACCS.UR.ZS","","","","","","","","","","","","","","","","","","","","","","","","","","","","","","","","","","74.6","74.6652145385742","75.3336563110352","75.9894561767578","76.6294631958008","82.4","77.8511276245117","80.5","78.9","79.5","76.9","80.7","78.4","80.7","82.7","84.8","84.2","72.8","85","86.8","88.5","90.8","88.4","89.8","90","89.9","93.8","94.6","95.2","95","97.5","98.6","",
"Gibraltar","GIB","Access to electricity, urban (% of urban population)","EG.ELC.ACCS.UR.ZS","","","","","","","","","","","","","","","","","","","","","","","","","","","","","","","100","100","100","100","100","100","100","100","100","100","99.7","99.7","99.6","99.6","99.6","99.5","99.6","99.6","99.7","100","100","99.9","100","100","100","100","100","100","100","100","100","100","100","100","100","",
"Guinea","GIN","Access to electricity, urban (% of urban population)","EG.ELC.ACCS.UR.ZS","","","","","","","","","","","","","","","","","","","","","","","","","","","","","","","","","","","","","","","","53.8","55.9","57.5","59","60.6","62.1","63.8","65.3","66.9","68.5","70.2","71.9","73.5","74.2","76.9","78.6","80.1","82.2","83.4","86.7","86","88.3","89.8","91","92.5","93.6","",
"Gambia, The","GMB","Access to electricity, urban (% of urban population)","EG.ELC.ACCS.UR.ZS","","","","","","","","","","","","","","","","","","","","","","","","","","","","","","","","","","38.8783531188965","40.4431953430176","41.9985618591309","43.5412864685059","45.0682182312012","46.5761909484863","48.0637321472168","51.2","51.1","52.5","54","55.4","54.4","58.4","60","61.5","63.1","64.7","66.3","67.8","67","70.9","72.5","74","79.4","76.4","78.6","80.9","82.6","82.8","85.3","85.6","",
"Guinea-Bissau","GNB","Access to electricity, urban (% of urban population)","EG.ELC.ACCS.UR.ZS","","","","","","","","","","","","","","","","","","","","","","","","","","","","","","","","","","","","","","","","","23.8","24","24.3","24.6","24.9","25.2","34.4","25.9","26.3","26.7","11.8","27.5","27.9","28.3","33.1","35.5","39.7","43.9","48.1","52.3","56.4","60.5","61","64.3","65.6","",
"Equatorial Guinea","GNQ","Access to electricity, urban (% of urban population)","EG.ELC.ACCS.UR.ZS","","","","","","","","","","","","","","","","","","","","","","","","","","","","","","","","","","","","","","","","","94.5","94.3","94","93.8","93.5","93.3","93.1","92.9","92.7","92.6","93.2","93.1","92.2","92","91.8","91.7","91.4","91.2","91","90.8","90.5","90.3","89.8","89","89.3","",
"Greece","GRC","Access to electricity, urban (% of urban population)","EG.ELC.ACCS.UR.ZS","","","","","","","","","","","","","","","","","","","","","","","","","","","","","","","100","100","100","100","100","100","100","100","100","100","100","100","100","100","100","100","100","100","100","100","100","100","100","100","100","100","100","100","100","100","100","100","100","100","100","",
"Grenada","GRD","Access to electricity, urban (% of urban population)","EG.ELC.ACCS.UR.ZS","","","","","","","","","","","","","","","","","","","","","","","","","","","","","","","","","","","","","","","","","","","","","","","","","","","","","","","","","","","","","","","","","","",
"Greenland","GRL","Access to electricity, urban (% of urban population)","EG.ELC.ACCS.UR.ZS","","","","","","","","","","","","","","","","","","","","","","","","","","","","","","","100","100","100","100","100","100","100","100","100","100","100","100","100","100","100","100","100","100","100","100","100","100","100","100","100","100","100","100","100","100","100","100","100","100","100","",
"Guatemala","GTM","Access to electricity, urban (% of urban population)","EG.ELC.ACCS.UR.ZS","","","","","","","","","","","","","","","","","","","","","","","","","","","","","","","","","","","","88.9","92.3047561645508","92.530143737793","92.736572265625","91.3","95.4","93.2","95.7","96","93.7","93.9","94.4","94.4","94.6","94.9","95.2","94.6","95.7","96","94.5","96.5","96.7","96.9","97.1","97.2","97.4","97.6","97.7","100","99.2","",
"Guam","GUM","Access to electricity, urban (% of urban population)","EG.ELC.ACCS.UR.ZS","","","","","","","","","","","","","","","","","","","","","","","","","","","","","","","99.8662109375","99.9182586669922","99.9617538452148","99.988395690918","99.9983444213867","100","100","100","100","100","100","100","100","100","100","100","100","100","100","100","100","100","100","100","100","100","100","100","100","100","100","100","100","100","100","",
"Guyana","GUY","Access to electricity, urban (% of urban population)","EG.ELC.ACCS.UR.ZS","","","","","","","","","","","","","","","","","","","","","","","","","","","","","","","","","","90.396341","86.2117462158203","86.4171371459961","86.6098937988281","86.7868499755859","86.9448471069336","87.0824127197266","87.2","87.3","87.4","87.5","87.7","81.6","82.4","88.2","88.4","90.9","92.2","92.9","93.5","94","94.4","94.9","95.3","95.8","96.3","96.7","97.2","97.5","98","98.9","100","",
"High income","HIC","Access to electricity, urban (% of urban population)","EG.ELC.ACCS.UR.ZS","","","","","","","","","","","","","","","","","","","","","","","","","","","","","","","99.9737892416806","99.9801904177248","99.9754020813949","99.9786756223292","99.9790177552143","99.980216919015","99.9805414680432","99.9823017834765","99.9839676998762","99.982331043832","99.6923763711232","99.6931437032481","99.7007942244897","99.6964335210814","99.6992864530754","99.7055618193031","99.7326257360756","99.7413895050247","99.7625515186346","99.7944522031575","99.844505328793","99.8639531385337","99.9670187251123","99.9682249350052","99.975284049526","99.4835800164299","99.8935233805172","99.8952711251233","99.9913158756827","99.9152358923859","99.9182507750482","99.9185655855845","99.9034137637391","99.9993169206872","99.9943034442363","",
"Hong Kong SAR, China","HKG","Access to electricity, urban (% of urban population)","EG.ELC.ACCS.UR.ZS","","","","","","","","","","","","","","","","","","","","","","","","","","","","","","","100","100","100","100","100","100","100","100","100","100","100","100","100","100","100","100","100","100","100","100","100","100","100","100","100","100","100","100","100","100","100","100","100","100","100","",
"Honduras","HND","Access to electricity, urban (% of urban population)","EG.ELC.ACCS.UR.ZS","","","","","","","","","","","","","","","","","","","","","","","","","","","","","","","","88.700619","89.851267","92.082517","92.144467","93.264253","93.877733","95.072358","96.042962","95.3172","94.4","94.7","93.1","94.5","95.9","96","96.9","97.5","98","97.9","98.8","99.2","98.5","99","98.8","98.9","99.1","97.8","98.9","99","100","100","100","100","99.3","",
"Heavily indebted poor countries (HIPC)","HPC","Access to electricity, urban (% of urban population)","EG.ELC.ACCS.UR.ZS","","","","","","","","","","","","","","","","","","","","","","","","","","","","","","","","","","","","","","57.8850029641531","58.9709265702219","59.0001940780135","54.6274829525832","55.1801219477312","55.8851869274222","56.6679244351895","58.1862377281635","59.0857980124961","60.2400387843485","61.6857043842859","60.6844000995436","62.6817433228654","63.9587172197519","66.5388500780351","68.5960791232611","69.0410080425545","70.341179607135","69.5904115551389","71.5976817352612","73.4147908071903","74.3789705860374","75.5917195716085","76.9682408412454","78.3689297554899","78.6415404504671","81.3957823258061","81.8651665497198","",
"Croatia","HRV","Access to electricity, urban (% of urban population)","EG.ELC.ACCS.UR.ZS","","","","","","","","","","","","","","","","","","","","","","","","","","","","","","","100","100","100","100","100","100","100","100","100","100","99.9","99.9","99.8","99.7","99.7","99.7","99.7","99.7","100","100","100","100","100","100","100","100","100","100","100","100","100","100","100","100","100","",
"Haiti","HTI","Access to electricity, urban (% of urban population)","EG.ELC.ACCS.UR.ZS","","","","","","","","","","","","","","","","","","","","","","","","","","","","","","","","","","","","76.5","68.8356170654297","68.9942626953125","69.1339569091797","69.2532119750977","81.9","62.5","69.5","50.4","69.7","69.9","68.9","70.2","70.4","70.6","70.9","71.5","72.6","73.8","74.8","75.8","76.4","77.9","78.9","79.9","80.9","81.8","83","84","85.6","",
"Hungary","HUN","Access to electricity, urban (% of urban population)","EG.ELC.ACCS.UR.ZS","","","","","","","","","","","","","","","","","","","","","","","","","","","","","","","100","100","100","100","100","100","100","100","100","100","100","100","99.9","99.9","99.8","99.8","99.8","100","100","100","100","100","100","100","100","100","100","100","100","100","100","100","100","100","100","",
"IBRD only","IBD","Access to electricity, urban (% of urban population)","EG.ELC.ACCS.UR.ZS","","","","","","","","","","","","","","","","","","","","","","","","","","","","","","","","","","","","","","","","","96.6397844992032","96.5568499551826","96.7796028548547","97.0494696588532","97.0154921628898","97.1779592357612","97.5151732425378","97.6591309130413","97.8298998349596","98.3341191973805","98.1593578234463","98.521319795203","98.6143100158735","98.7435695369415","98.7477011233814","98.6976830626541","99.0615340145891","99.1758879403175","99.2594059273936","99.427943475701","99.2793147724057","99.4833946496584","99.4861172467943","99.672821147823","99.6365763371247","",
"IDA & IBRD total","IBT","Access to electricity, urban (% of urban population)","EG.ELC.ACCS.UR.ZS","","","","","","","","","","","","","","","","","","","","","","","","","","","","","","","","","","","","","","","","","92.8660475618028","92.7553014750822","92.9967618040253","93.2548539675849","93.227137701686","93.4891916832043","93.7726016650216","94.0586165013706","94.1052270174401","94.6486313963254","94.4993533131932","95.2530220153626","95.3996459536954","95.4479976405052","95.5603808983471","95.405384474189","96.0267135544593","96.3504270589871","96.2254244016439","96.5574358798306","96.5313946592951","97.0257108653767","97.0384107122003","97.2065842786545","97.1828536915672","",
"IDA total","IDA","Access to electricity, urban (% of urban population)","EG.ELC.ACCS.UR.ZS","","","","","","","","","","","","","","","","","","","","","","","","","","","","","","","","","","","","","","","75.589455770522","75.9118214494645","73.3728791018403","73.3613598171486","73.9329581937496","74.3774913338896","74.6591256437379","75.6803967008077","75.9711397791046","77.2285947832647","76.9793168928791","77.9164059090826","78.1277234393517","80.7068415805037","81.2740726040985","81.1081808357726","81.811753523452","81.3088525397551","83.1655722871364","84.5201353056844","83.6863486332789","84.8721576896311","85.5511293767346","87.37568178311","87.6365215885062","87.9469379714204","88.1698000064385","",
"IDA blend","IDB","Access to electricity, urban (% of urban population)","EG.ELC.ACCS.UR.ZS","","","","","","","","","","","","","","","","","","","","","","","","","","","","","","","","","","","","","","","86.6546823406424","87.1105231506148","86.276065363792","86.6336366191544","86.4358927164176","86.7074299907815","86.4980714784567","86.8701223088225","86.9905195935018","88.4366586664194","87.8704677507216","87.8886994871075","85.8728660644346","89.5948505498742","88.8243887748263","88.7356316709572","89.0078745676078","88.0669557461966","90.8075924531761","91.2423271788831","89.2348822991832","90.6649464730268","91.0064444105354","93.6698991114346","93.6701723854889","91.7373280025248","91.638372581889","",
"Indonesia","IDN","Access to electricity, urban (% of urban population)","EG.ELC.ACCS.UR.ZS","","","","","","","","","","","","","","","","","","","","","","","","","","","","","","","","87.6","93.0129928588867","93.3634490966797","94.6","94.042236328125","94.3642578125","97.5","94.9577560424805","95.2245864868164","95.5","95.7","96","98.1","96.4","96.6","96.9","98.2","97.5","98.9","99","99.3","99.2","99.7","99.7","99.8","99.8","99.9","99.9","99.9","99.6","99.9","100","100","100","",
"IDA only","IDX","Access to electricity, urban (% of urban population)","EG.ELC.ACCS.UR.ZS","","","","","","","","","","","","","","","","","","","","","","","","","","","","","","","","","","","","","","","","","63.4780660108473","63.158880570087","64.3166361670184","64.8957423816767","65.5516953506146","67.0742005129703","67.5075630352654","68.6834887909008","68.6991639394115","70.3519991819807","72.2692770563478","74.0104191162011","75.6226840316181","75.4349629267427","76.4749001722541","76.3066800922122","77.5303870196504","79.5850557796624","79.6332448702336","80.6616115195972","81.5982976588576","82.8252241768968","83.2854165990181","85.2231411486276","85.6904058057853","",
"Isle of Man","IMN","Access to electricity, urban (% of urban population)","EG.ELC.ACCS.UR.ZS","","","","","","","","","","","","","","","","","","","","","","","","","","","","","","","100","100","100","100","100","100","100","100","100","100","100","100","100","100","100","100","100","100","100","100","100","100","100","100","100","100","100","100","100","100","100","100","100","100","100","",
"India","IND","Access to electricity, urban (% of urban population)","EG.ELC.ACCS.UR.ZS","","","","","","","","","","","","","","","","","","","","","","","","","","","","","","","","","","82.8","85.2061004638672","85.8353652954102","86.4520034790039","87.0528335571289","87.6347122192383","91.3","89.4","89.9","90.4","90.9","91.3","91.9","93.1","93","93.6","96.1","94","95.4","96.1","96.6","97.1","97.5","98.2","98.7","99.1","99.8","99","100","100","100","100","",
"Not classified","INX","Access to electricity, urban (% of urban population)","EG.ELC.ACCS.UR.ZS","","","","","","","","","","","","","","","","","","","","","","","","","","","","","","","","","","","","","","","","","","","","","","","","","","","","","","","","","","","","","","","","","","",
"Ireland","IRL","Access to electricity, urban (% of urban population)","EG.ELC.ACCS.UR.ZS","","","","","","","","","","","","","","","","","","","","","","","","","","","","","","","100","100","100","100","100","100","100","100","100","100","100","100","100","100","100","100","100","100","100","100","100","100","100","100","100","100","100","100","100","100","100","100","100","100","100","",
"Iran, Islamic Rep.","IRN","Access to electricity, urban (% of urban population)","EG.ELC.ACCS.UR.ZS","","","","","","","","","","","","","","","","","","","","","","","","","","","","","","","","","","","","","","","","","100","99.9","99.9","99.8","99.7","99.7","100","99.7","99.8","100","99.9","100","100","100","100","100","100","100","100","100","100","100","100","100","100","",
"Iraq","IRQ","Access to electricity, urban (% of urban population)","EG.ELC.ACCS.UR.ZS","","","","","","","","","","","","","","","","","","","","","","","","","","","","","","","","","","","","","","","","","99.3","99.3","99.3","99.3","99.3","99.3","99.5","99.4","99.5","99.6","99.7","100","99.7","99.9","100","100","100","100","99.9","100","100","100","100","100","100","",
"Iceland","ISL","Access to electricity, urban (% of urban population)","EG.ELC.ACCS.UR.ZS","","","","","","","","","","","","","","","","","","","","","","","","","","","","","","","100","100","100","100","100","100","100","100","100","100","100","100","100","100","100","100","100","100","100","100","100","100","100","100","100","100","100","100","100","100","100","100","100","100","100","",
"Israel","ISR","Access to electricity, urban (% of urban population)","EG.ELC.ACCS.UR.ZS","","","","","","","","","","","","","","","","","","","","","","","","","","","","","","","100","100","100","100","100","100","100","100","100","100","100","100","100","100","100","100","100","100","100","100","100","100","100","100","100","100","100","100","100","100","100","100","100","100","100","",
"Italy","ITA","Access to electricity, urban (% of urban population)","EG.ELC.ACCS.UR.ZS","","","","","","","","","","","","","","","","","","","","","","","","","","","","","","","100","100","100","100","100","100","100","100","100","100","100","100","100","100","100","100","100","100","100","100","100","100","100","100","100","100","100","100","100","100","100","100","100","100","100","",
"Jamaica","JAM","Access to electricity, urban (% of urban population)","EG.ELC.ACCS.UR.ZS","","","","","","","","","","","","","","","","","","","","","","","","","","","","","","","82.110334","86.1185531616211","86.7011108398438","87.2805099487305","87.8535842895508","88.4171905517578","92.356928","89.5033187866211","90.01953125","88.49866","91","92.7","92.6","92.4","92.9","93.4","93.9","94.4","99.5","95.6","95.8","96.7","97.3","96.6","96.8","98","99.5","99.8","100","100","100","100","100","98.6","99.1","",
"Jordan","JOR","Access to electricity, urban (% of urban population)","EG.ELC.ACCS.UR.ZS","","","","","","","","","","","","","","","","","","","","","","","","","","","","","","","99.2347668628339","99.3524627685547","99.4279098510742","99.5001907348633","99.566162109375","99.6226501464844","99.66650390625","99.8","99.7036590576172","99.6923294067383","99.7","99.6","99.7","99.5","99.5","99.5","100","99","100","99.6","100","99.9","99.5","100","100","100","100","100","100","100","100","100","100","100","100","",
"Japan","JPN","Access to electricity, urban (% of urban population)","EG.ELC.ACCS.UR.ZS","","","","","","","","","","","","","","","","","","","","","","","","","","","","","","","100","100","100","100","100","100","100","100","100","100","100","100","100","100","100","100","100","100","100","100","100","100","100","100","100","100","100","100","100","100","100","100","100","100","100","",
"Kazakhstan","KAZ","Access to electricity, urban (% of urban population)","EG.ELC.ACCS.UR.ZS","","","","","","","","","","","","","","","","","","","","","","","","","","","","","","","","","","","","99.9","99.9412841796875","99.9497375488281","99.9493255615234","99.4","99.9","99.8","99.9","100","100","100","99.8","100","100","100","100","100","100","100","100","100","100","100","100","100","100","100","100","100","100","",
"Kenya","KEN","Access to electricity, urban (% of urban population)","EG.ELC.ACCS.UR.ZS","","","","","","","","","","","","","","","","","","","","","","","","","","","","","","","","","","42.5","39.2203407287598","41.0309638977051","42.8289489746094","44.6111373901367","47.5","48.1171684265137","49.9","51.6","53.3","50.2","56.7","58.5","60.2","62","63.8","65.6","58.2","69.3","71.1","73","68.4","78.1","84.3","83.6","87.2","90.8","94.1","97.5","98","96","98.1","",
"Kyrgyz Republic","KGZ","Access to electricity, urban (% of urban population)","EG.ELC.ACCS.UR.ZS","","","","","","","","","","","","","","","","","","","","","","","","","","","","","","","","","","","","","","100","99.7698287963867","99.7261505126953","99.7","99.6","100","99.4","99.4","99.8","98.5","99.6","99.4","99.5","99.1","99.3","99.8","99","99.9","98.7","99.5","100","100","99.8","99.8","99.8","100","100","100","",
"Cambodia","KHM","Access to electricity, urban (% of urban population)","EG.ELC.ACCS.UR.ZS","","","","","","","","","","","","","","","","","","","","","","","","","","","","","","","","","","","","","","","55.98","59.279369354248","60.6","65.3","67.2","69.2","71.1","66.8","75.1","77.1","87","81.2","91.3","93.5","94.2","94.8","96.9","95.8","96.3","99.1","99.4","96.9","97.3","98.9","99","99.5","100","",
"Kiribati","KIR","Access to electricity, urban (% of urban population)","EG.ELC.ACCS.UR.ZS","","","","","","","","","","","","","","","","","","","","","","","","","","","","","","","","","","","","","","","","","93.6","93.2","92.8","92.4","92","93.6","91.7","91","90.7","88.6","89.5","89.8","89.6","89.3","89.1","88.3","88.8","88.8","88.7","88.6","88.4","88.3","86","88.9","97","",
"St. Kitts and Nevis","KNA","Access to electricity, urban (% of urban population)","EG.ELC.ACCS.UR.ZS","","","","","","","","","","","","","","","","","","","","","","","","","","","","","","","99.14697265625","99.2269592285156","99.3064117431641","99.3827133178711","99.4526901245117","99.51318359375","99.5610504150391","99.5931167602539","99.6062240600586","99.5988998413086","99.4","99.3","99.3","99.3","99.3","99.3","99.3","99.4","99.5","99.6","99.7","100","100","100","100","100","100","100","100","100","100","100","100","100","100","",
"Korea, Rep.","KOR","Access to electricity, urban (% of urban population)","EG.ELC.ACCS.UR.ZS","","","","","","","","","","","","","","","","","","","","","","","","","","","","","","","99.8951034545898","99.9445343017578","99.9805450439453","99.9967727661133","100","100","100","100","100","100","100","100","100","100","100","100","100","100","100","100","100","100","100","100","100","100","100","100","100","100","100","100","100","100","100","",
"Kuwait","KWT","Access to electricity, urban (% of urban population)","EG.ELC.ACCS.UR.ZS","","","","","","","","","","","","","","","","","","","","","","","","","","","","","","","100","100","100","100","100","100","100","100","100","100","100","100","100","100","100","100","100","100","100","100","100","100","100","100","100","100","100","100","100","100","100","100","100","100","100","",
"Latin America & Caribbean (excluding high income)","LAC","Access to electricity, urban (% of urban population)","EG.ELC.ACCS.UR.ZS","","","","","","","","","","","","","","","","","","","","","","","","","","","","","","","","","97.0905979547306","97.4940701742549","97.7731734560108","97.6104613347799","97.7976204870549","97.9072486879874","98.0045497806385","98.186526158366","98.3169544368827","98.0553784762748","98.1992302850748","98.0627011151381","98.3710484115394","98.3847357428789","98.5998520118624","98.7200356240557","98.9646604511014","98.9723882158162","99.1389085220353","99.2200656327266","99.2896515434897","99.3786497660202","99.3477455868863","99.3748958058827","99.4666588271986","99.504480632401","99.5045834346687","99.5884052268115","99.5639450633336","99.5428333151824","99.6232237052008","99.6908841432787","99.6503071266134","",
"Lao PDR","LAO","Access to electricity, urban (% of urban population)","EG.ELC.ACCS.UR.ZS","","","","","","","","","","","","","","","","","","","","","","","","","","","","","","","","","","97","95.3711013793945","95.5260620117188","95.6683883666992","95.7949142456055","95.9024887084961","95.989631652832","96","96.1","96.2","97","96.3","92.2","94.1","97.4","99","97.1","97.3","97.5","97.4","97.9","98.1","97.8","98.7","99.5","99.5","99.9","99.9","100","100","98.6","100","",
"Lebanon","LBN","Access to electricity, urban (% of urban population)","EG.ELC.ACCS.UR.ZS","","","","","","","","","","","","","","","","","","","","","","","","","","","","","","","","","","","","","","","","","98.9","99","99","99.1","99.1","99.2","99.5","99.5","100","99.8","99.9","99.8","100","100","100","100","100","100","100","100","100","100","100","100","100","",
"Liberia","LBR","Access to electricity, urban (% of urban population)","EG.ELC.ACCS.UR.ZS","","","","","","","","","","","","","","","","","","","","","","","","","","","","","","","","","","","","","","","","","","","","","","","","6.9","3.6","3.5","9.9","7.2","16.1","16.4","14.8","25.4","31.2","40.5","37.2","37","45.4","49.5","53.7","52.7","55.5","",
"Libya","LBY","Access to electricity, urban (% of urban population)","EG.ELC.ACCS.UR.ZS","","","","","","","","","","","","","","","","","","","","","","","","","","","","","","","","","","","","","","","","","100","99.9","99.9","100","100","100","100","100","100","100","100","100","100","100","100","100","100","100","100","100","100","100","100","100","100","",
"St. Lucia","LCA","Access to electricity, urban (% of urban population)","EG.ELC.ACCS.UR.ZS","","","","","","","","","","","","","","","","","","","","","","","","","","","","","","","","","","","","","","","","","95.5","95.9","95.2","95.1","95","94.9","94.9","94.9","94.8","94.8","94.8","94.9","94.1","94.8","95.1","95.6","96","96.5","97","100","100","100","100","100","100","",
"Latin America & Caribbean","LCN","Access to electricity, urban (% of urban population)","EG.ELC.ACCS.UR.ZS","","","","","","","","","","","","","","","","","","","","","","","","","","","","","","","","","97.2125772710774","97.5983520900302","97.8601818160681","97.707142183053","97.8836345130051","97.9909694926635","98.0862503548965","98.2526900147406","98.3941367318981","98.1388279446609","98.2725993514965","98.1507725151138","98.4286950665125","98.4392937480356","98.6565383371891","98.7634780633464","98.9942934026843","99.0166610443492","99.1686239928185","99.249174311603","99.3238874408773","99.397593154931","99.377783574276","99.4020975690471","99.4917915324167","99.5241882209903","99.5295306903938","99.6090174185501","99.5879563003634","99.5674319940556","99.6400960758596","99.7084203261653","99.659857371579","",
"Least developed countries: UN classification","LDC","Access to electricity, urban (% of urban population)","EG.ELC.ACCS.UR.ZS","","","","","","","","","","","","","","","","","","","","","","","","","","","","","","","","","","","","","","","","","57.6008048923045","56.7019257497528","58.7757164038164","59.6657506507555","60.2827733520156","62.1932617970817","62.6052204284832","64.4562169721924","64.1429557090557","65.8160811098845","69.3878818631319","71.1429130608913","72.091025663291","71.6777430965868","71.7938810337988","72.5823723697567","74.1480905399348","76.5273811292612","76.3587626532098","77.7125267651734","78.7796849963921","80.1864412775166","80.7801573983024","82.8567442402108","83.3363175406948","",
"Low income","LIC","Access to electricity, urban (% of urban population)","EG.ELC.ACCS.UR.ZS","","","","","","","","","","","","","","","","","","","","","","","","","","","","","","","","","","","","","","","","","49.9011608869769","50.815920486151","52.1884141572525","53.5414114397471","54.4158876554363","55.4368273354764","56.4517323547249","57.5649220547895","56.1615666200473","58.83560696862","61.4446044765891","63.8007142078955","66.5390177957465","66.555382712232","67.7044903949703","65.9989025257437","67.0623626666266","69.4630872368803","69.7319173638929","70.5733061644716","72.3337296729891","73.5053958343304","74.0843587726482","77.0455184652148","77.6258167198916","",
"Liechtenstein","LIE","Access to electricity, urban (% of urban population)","EG.ELC.ACCS.UR.ZS","","","","","","","","","","","","","","","","","","","","","","","","","","","","","","","100","100","100","100","100","100","100","100","100","100","100","100","100","100","100","100","100","100","100","100","100","100","100","100","100","100","100","100","100","100","100","100","100","100","100","",
"Sri Lanka","LKA","Access to electricity, urban (% of urban population)","EG.ELC.ACCS.UR.ZS","","","","","","","","","","","","","","","","","","","","","","","","","","","","","","","","","","","","","","","","","88.7","85.3","91.3","90.6","91.3","92","94.4","95.3","94.2","95.6","95.6","96.8","97.3","98","98.8","99.6","99","100","100","100","100","100","100","100","100","",
"Lower middle income","LMC","Access to electricity, urban (% of urban population)","EG.ELC.ACCS.UR.ZS","","","","","","","","","","","","","","","","","","","","","","","","","","","","","","","","","","82.2694704548874","84.0664147163185","84.370255441891","84.9567439407131","85.8478314055758","86.4653257941833","88.241591542006","86.8617942792611","86.726276624722","87.2096917059445","87.5396615596448","87.7722345117704","88.3787469204229","89.0443718304723","89.6745087622183","89.9728866152731","91.1365384737521","90.1967265420472","92.1029691224035","92.1276180622993","92.2598696346113","92.3951313678079","92.7443983087771","94.0745774492651","94.7389754772787","94.2576503036023","95.2903873898737","95.0709346101159","96.4625222400429","96.5466168703654","96.2018424254158","96.2377046834446","",
"Low & middle income","LMY","Access to electricity, urban (% of urban population)","EG.ELC.ACCS.UR.ZS","","","","","","","","","","","","","","","","","","","","","","","","","","","","","","","","","","","","","","","","","92.4112567167378","92.3055804368629","92.5797464473162","92.8736442769852","92.8561971652617","93.1476438521924","93.451329619424","93.7644481003938","93.8149129715554","94.3890940443684","94.2167211503927","95.0175551648864","95.1398786845119","95.19703797129","95.3187267567368","95.3388266224731","95.8503724377856","96.1943394376569","96.0334651413445","96.4114569060614","96.3866515552003","96.9083206409882","96.9270737323618","97.0761259623716","97.0548162423939","",
"Lesotho","LSO","Access to electricity, urban (% of urban population)","EG.ELC.ACCS.UR.ZS","","","","","","","","","","","","","","","","","","","","","","","","","","","","","","","","","","","","","","","","","13.6","18.1","21.2","24.3","26.2","30.4","33.6","36.7","39.9","43.2","55.2","57.2","59.1","61","61.5","64.6","66.4","68.8","70.7","74.4","77.5","80.6","83.6","85","85.2","",
"Late-demographic dividend","LTE","Access to electricity, urban (% of urban population)","EG.ELC.ACCS.UR.ZS","","","","","","","","","","","","","","","","","","","","","","","","","","","","","","","","","","","","","","","","","99.326255695583","99.2168970975325","99.2707369099146","99.2852559596744","99.3246514804962","99.3979117211587","99.5139937987042","99.537062142705","99.6445737749986","99.6917067005689","99.7746994156677","99.8138088574521","99.9010553806347","99.9265945273299","99.9412299604394","99.5740990984542","99.8850928200565","99.9035826944028","99.9661209527048","99.935734897159","99.919889998784","99.9102875451741","99.9350656081877","99.9859844511086","99.9824533402396","",
"Lithuania","LTU","Access to electricity, urban (% of urban population)","EG.ELC.ACCS.UR.ZS","","","","","","","","","","","","","","","","","","","","","","","","","","","","","","","100","100","100","100","100","100","100","100","100","100","99.1","99.1","99.1","99.1","99.1","99.1","99.1","99.2","99.3","99.4","99.5","99.7","100","100","100","100","100","100","100","100","100","100","100","100","100","",
"Luxembourg","LUX","Access to electricity, urban (% of urban population)","EG.ELC.ACCS.UR.ZS","","","","","","","","","","","","","","","","","","","","","","","","","","","","","","","100","100","100","100","100","100","100","100","100","100","100","100","100","100","100","100","100","100","100","100","100","100","100","100","100","100","100","100","100","100","100","100","100","100","100","",
"Latvia","LVA","Access to electricity, urban (% of urban population)","EG.ELC.ACCS.UR.ZS","","","","","","","","","","","","","","","","","","","","","","","","","","","","","","","100","100","100","100","100","100","100","100","100","100","99.6","99.5","99.5","99.5","99.4","99.4","99.5","99.5","99.6","100","99.7","99.8","100","100","100","100","100","100","100","100","100","100","100","100","100","",
"Macao SAR, China","MAC","Access to electricity, urban (% of urban population)","EG.ELC.ACCS.UR.ZS","","","","","","","","","","","","","","","","","","","","","","","","","","","","","","","99.8399810791016","99.8956909179688","99.9454956054688","99.981201171875","100","100","100","100","100","100","100","100","100","100","100","100","100","100","100","100","100","100","100","100","100","100","100","100","100","100","100","100","100","100","100","",
"St. Martin (French part)","MAF","Access to electricity, urban (% of urban population)","EG.ELC.ACCS.UR.ZS","","","","","","","","","","","","","","","","","","","","","","","","","","","","","","","99.5024108886719","99.5690002441406","99.6350708007813","99.6979751586914","99.7545623779297","99.8016738891602","99.8361511230469","99.8548278808594","99.8545455932617","99.8338317871094","99.6","99.6","99.5","99.5","99.5","99.5","99.5","99.5","99.6","99.7","100","100","100","100","100","100","100","100","100","100","100","100","100","100","100","",
"Morocco","MAR","Access to electricity, urban (% of urban population)","EG.ELC.ACCS.UR.ZS","","","","","","","","","","","","","","","","","","","","","","","","","","","","","","","","","84.7","90.1316223144531","90.5810928344727","90.6","91.4484481811523","91.8600082397461","92.2526168823242","92.6247863769531","92.1","92.5","92.9","93.4","94.6","94.3","99.3","95.3","95.9","96.4","97.7","98.1","98.4","98.7","99.2","99.7","99.3","100","99.3","100","100","100","100","100","100","",
"Monaco","MCO","Access to electricity, urban (% of urban population)","EG.ELC.ACCS.UR.ZS","","","","","","","","","","","","","","","","","","","","","","","","","","","","","","","100","100","100","100","100","100","100","100","100","100","100","100","100","100","100","100","100","100","100","100","100","100","100","100","100","100","100","100","100","100","100","100","100","100","100","",
"Moldova","MDA","Access to electricity, urban (% of urban population)","EG.ELC.ACCS.UR.ZS","","","","","","","","","","","","","","","","","","","","","","","","","","","","","","","100","100","100","100","100","100","100","100","100","100","99.1","99.1","99.1","99.1","99.1","99.4","99.2","99.2","99.3","99.4","99.6","99.7","99.8","99.9","99.9","100","100","100","100","100","100","100","100","100","100","",
"Madagascar","MDG","Access to electricity, urban (% of urban population)","EG.ELC.ACCS.UR.ZS","","","","","","","","","","","","","","","","","","","","","","","","","","","","","","","","","46.9","39.9817047119141","41.1489906311035","42.3068008422852","43.451976776123","38.1","45.6917724609375","46.7817573547363","47.9","42.1","50","52.7","52","53.1","54.2","55.3","56.4","68.6","39.1","61.5","72.8","60.7","63.2","64.3","67.3","66.6","71.2","60.7","72.4","72.6","71.6","75.6","75.9","",
"Maldives","MDV","Access to electricity, urban (% of urban population)","EG.ELC.ACCS.UR.ZS","","","","","","","","","","","","","","","","","","","","","","","","","","","","","","","","","","","","","","","","","99.2","99.2","99.2","99.1","99.1","99.2","99.2","99.3","99.4","99.9","99.6","99.7","99.8","99.9","100","100","100","99.7","100","100","100","100","100","100","100","",
"Middle East, North Africa, Afghanistan & Pakistan","MEA","Access to electricity, urban (% of urban population)","EG.ELC.ACCS.UR.ZS","","","","","","","","","","","","","","","","","","","","","","","","","","","","","","","","","","","","","","","","","97.240143965679","97.2977848643693","97.3918216083875","97.4986598793306","97.6441769339194","97.5955102676791","98.2157746552163","97.9284178233454","98.3146226622642","98.2977649526602","98.5925394337607","98.8035482446351","98.9948921934491","99.1124975121452","99.2899287486275","99.0803878122823","99.3735018057837","99.4719820262717","99.2285198351805","99.5604172816964","99.6271132067806","99.69563532534","99.7244148154681","99.7292056727461","99.3675286352499","",
"Mexico","MEX","Access to electricity, urban (% of urban population)","EG.ELC.ACCS.UR.ZS","","","","","","","","","","","","","","","","","","","","","","","","","","","","","","","","","98.584698","99.0862350463867","99.25589","99.2293853759766","99.076735","99.3219833374023","99.17507","99.3404388427734","99.4","99.3","99.5","99.2","99.4","99.6","99.7","99.3","99.7","99.4","99.7","99.6","99.7","99.8","99.6","99.3","99.8","99.9","99.8","99.9","99.8","99.9","99.8","100","99.9","",
"Marshall Islands","MHL","Access to electricity, urban (% of urban population)","EG.ELC.ACCS.UR.ZS","","","","","","","","","","","","","","","","","","","","","","","","","","","","","","","","","","","","","","","","88.9121826228745","89.3","89.5","89.8","90","90.3","90.6","90.9","91.6","91.6","92","92.4","92.5","93.1","93.5","93.8","94.2","94.5","94.8","95.1","95.4","95.7","96","96.1","100","97.4","",
"Middle income","MIC","Access to electricity, urban (% of urban population)","EG.ELC.ACCS.UR.ZS","","","","","","","","","","","","","","","","","","","","","","","","","","","","","","","","","","","","","","","","","94.4312199224843","94.2983943492356","94.5421388793292","94.8066826348779","94.7686567877872","95.0470657599938","95.3412331836522","95.6636985679124","95.8285802165702","96.3189366984981","96.0291751147991","96.767191043269","96.782034656027","96.8756767958245","96.9583242877266","97.0980499866013","97.60210651181","97.8509355827697","97.6974291845134","98.0835333606291","97.98218675388","98.4968108018242","98.5209537654904","98.512060671103","98.4874052207749","",
"North Macedonia","MKD","Access to electricity, urban (% of urban population)","EG.ELC.ACCS.UR.ZS","","","","","","","","","","","","","","","","","","","","","","","","","","","","","","","100","100","100","100","100","100","100","100","100","100","98.9","98.9","98.9","98.9","99.8","98.9","98","99.1","99.2","99.3","99.4","99.8","99.8","99.9","99.9","99.9","99.9","100","99.8","100","100","100","100","100","100","",
"Mali","MLI","Access to electricity, urban (% of urban population)","EG.ELC.ACCS.UR.ZS","","","","","","","","","","","","","","","","","","","","","","","","","","","","","","","","","","","","","21.5","24.6865520477295","27.6966228485107","30.68625831604","33.8","37","39.7","42.6","45.6","48.6","47.4","54.6","57.6","57.9","74.4","75.9","76","78.9","80.3","83.1","83","85","85.6","90.9","93.9","96.9","99.7","91.5","88.6","",
"Malta","MLT","Access to electricity, urban (% of urban population)","EG.ELC.ACCS.UR.ZS","","","","","","","","","","","","","","","","","","","","","","","","","","","","","","","100","100","100","100","100","100","100","100","100","100","100","100","100","100","100","100","100","100","100","100","100","100","100","100","100","100","100","100","100","100","100","100","100","100","100","",
"Myanmar","MMR","Access to electricity, urban (% of urban population)","EG.ELC.ACCS.UR.ZS","","","","","","","","","","","","","","","","","","","","","","","","","","","","","","","","","","","","","","","","","82.3","82.8","83.2","83.7","84.2","84.7","85.2","85.8","86.4","87","89","88.2","88.8","89.4","85.5","90.8","92.3","92.6","92.1","92.6","93.1","93.6","93.9","94.6","95.3","",
"Middle East, North Africa, Afghanistan & Pakistan (excluding high income)","MNA","Access to electricity, urban (% of urban population)","EG.ELC.ACCS.UR.ZS","","","","","","","","","","","","","","","","","","","","","","","","","","","","","","","","","","","","","","","","","96.8982864787605","96.957599894294","97.0586418827719","97.1742315993258","97.33544295649","97.2758590675691","97.9740790821385","97.6379065057074","98.0717896366931","98.0477597487109","98.3891329235643","98.6281886537833","98.84506331695","98.9774753842535","99.1808166752117","98.93521362526","99.2726514170258","99.3872465266959","99.107423758984","99.4924506750175","99.569150068981","99.6498195161986","99.6820408142147","99.6866829309721","99.2663480173543","",
"Montenegro","MNE","Access to electricity, urban (% of urban population)","EG.ELC.ACCS.UR.ZS","","","","","","","","","","","","","","","","","","","","","","","","","","","","","","","100","100","100","100","100","100","100","100","100","100","99.7","99.7","99.6","99.5","99.5","100","99.5","99.5","99.6","99.6","99.7","99.8","99.8","99.6","99.6","99.9","99.9","99.9","100","100","100","100","100","100","100","",
"Mongolia","MNG","Access to electricity, urban (% of urban population)","EG.ELC.ACCS.UR.ZS","","","","","","","","","","","","","","","","","","","","","","","","","","","","","","","","","","","","","","","","","97.6","97.5","97.4","99.5","97.4","97.9","97.3","97.4","97.4","97.5","96.1","94.2","97.6","97.8","97.7","98.1","98.6","99.1","99.7","99.9","100","100","100","100","99.4","",
"Northern Mariana Islands","MNP","Access to electricity, urban (% of urban population)","EG.ELC.ACCS.UR.ZS","","","","","","","","","","","","","","","","","","","","","","","","","","","","","","","99.7903747558594","99.8464050292969","99.9002838134766","99.9487228393555","99.9824371337891","100","100","100","100","100","100","100","99.8","99.8","99.7","99.7","99.7","100","100","100","100","100","100","100","100","100","100","100","100","100","100","100","100","100","100","",
"Mozambique","MOZ","Access to electricity, urban (% of urban population)","EG.ELC.ACCS.UR.ZS","","","","","","","","","","","","","","","","","","","","","","","","","","","","","","","","","","","","","","25.8","18.1166152954102","20.6718463897705","23.3","20.1","28.3","25","33.4","35.9","38.5","37.5","38.9","43.1","56.5","54.5","59.9","61.6","68","68","66.2","60.5","72.2","72.3","74.8","77.4","79.4","78.9","79.8","",
"Mauritania","MRT","Access to electricity, urban (% of urban population)","EG.ELC.ACCS.UR.ZS","","","","","","","","","","","","","","","","","","","","","","","","","","","","","","","","","","","","","","","","","45.3","49.7","49.4","51.5","53.5","41.6","57.7","70.4","62","64.2","71","72.7","74.4","76","76.9","79","80.5","82","83.6","85.5","87.5","89.7","91.6","93.5","94.2","",
"Mauritius","MUS","Access to electricity, urban (% of urban population)","EG.ELC.ACCS.UR.ZS","","","","","","","","","","","","","","","","","","","","","","","","","","","","","","","100","100","100","100","100","100","100","100","100","99.9960632324219","100","99.9","100","99.7","99.6","99.6","99.5","99.5","99.5","99.5","99.6","99.8","99.7","99.8","99.7","99.6","99.6","99.6","99.5","100","99.4","99.3","99","100","100","",
"Malawi","MWI","Access to electricity, urban (% of urban population)","EG.ELC.ACCS.UR.ZS","","","","","","","","","","","","","","","","","","","","","","","","","","","","","","","","","19.8","19.0226917266846","20.176736831665","21.3213043212891","22.4532318115234","23.5693645477295","24.6665420532227","25.7432842254639","28.7","27.8","28.9","37.1","30.2","32.1","23.6","34.3","35.5","36.7","34.7","32.6","37.1","36.6","46.1","48.7","42","57.5","49","45.5","49.6","54.2","54","57.8","59.5","",
"Malaysia","MYS","Access to electricity, urban (% of urban population)","EG.ELC.ACCS.UR.ZS","","","","","","","","","","","","","","","","","","","","","","","","","","","","","","","","","","","","","","","","","99.2","99.2","99.2","99.2","99.2","99.2","99.3","99.3","99.4","99.9","99.6","99.8","99.9","99.9","100","100","100","100","100","100","100","100","100","100","100","",
"North America","NAC","Access to electricity, urban (% of urban population)","EG.ELC.ACCS.UR.ZS","","","","","","","","","","","","","","","","","","","","","","","","","","","","","","","100","100","100","100","100","100","100","100","100","100","100","100","100","100","100","100","100","100","100","100","100","100","100","100","100","100","100","100","100","100","100","100","100","100","100","",
"Namibia","NAM","Access to electricity, urban (% of urban population)","EG.ELC.ACCS.UR.ZS","","","","","","","","","","","","","","","","","","","","","","","","","","","","","","","","","66","71","70.6857604980469","70.8737335205078","71.0490646362305","71.2086029052734","71.3491744995117","71.4693222045898","73.2","71.6","71.7","71.8","71.9","72.1","72.2","77.6","72.6","78.4","73","70.1","73.4","72.2","73.8","74.6","69.3","74.3","74.4","74.5","74.7","74.7","74.8","75","77.2","",
"New Caledonia","NCL","Access to electricity, urban (% of urban population)","EG.ELC.ACCS.UR.ZS","","","","","","","","","","","","","","","","","","","","","","","","","","","","","","","99.8662109375","99.9182586669922","99.9617538452148","99.988395690918","99.9983444213867","100","100","100","100","100","100","100","100","100","100","100","100","100","100","100","100","100","100","100","100","100","100","100","100","100","100","100","100","100","100","",
"Niger","NER","Access to electricity, urban (% of urban population)","EG.ELC.ACCS.UR.ZS","","","","","","","","","","","","","","","","","","","","","","","","","","","","","","","","","26.7","31.8083744049072","33.0251121520996","34.2323722839355","35.4269943237305","36.6058197021484","36.5","38.9051246643066","40.7","41.1","42.3","43.4","44.5","45.7","47.2","48.1","49.3","50.6","59.1","59.9","61.8","59.4","59.3","60.2","59.2","60.4","47.6","62.7","63.8","65.9","66.1","67.4","69.1","",
"Nigeria","NGA","Access to electricity, urban (% of urban population)","EG.ELC.ACCS.UR.ZS","","","","","","","","","","","","","","","","","","","","","","","","","","","","","","","82.4","83.7839584350586","83.8470993041992","83.9070816040039","83.9607467651367","84.0049285888672","84.0364761352539","84.0522232055664","84.0490188598633","84.3","83.8","83.8","83.8","84.9","83.8","83.8","83.9","86.2","84.8","84.1","79.8","87.1","84.5","83.6","84.7","81.5","86","86.8","81.7","83.9","83.9","89.2","89","85","85.5","",
"Nicaragua","NIC","Access to electricity, urban (% of urban population)","EG.ELC.ACCS.UR.ZS","","","","","","","","","","","","","","","","","","","","","","","","","","","","","","","","","","93.545318","91.5212783813477","91.900146484375","92.2663803100586","92.616813659668","90.707303","93.2593383789063","93.6","91.9","94.2","94.5","94.8","95.4","95.5","95.9","96.3","97.9","97.9","98.5","98.4","98.6","98.4","99.2","99.5","99.9","99.9","100","100","100","100","100","100","",
"Netherlands","NLD","Access to electricity, urban (% of urban population)","EG.ELC.ACCS.UR.ZS","","","","","","","","","","","","","","","","","","","","","","","","","","","","","","","100","100","100","100","100","100","100","100","100","100","100","100","100","100","100","100","100","100","100","100","100","100","100","100","100","100","100","100","100","100","100","100","100","100","100","",
"Norway","NOR","Access to electricity, urban (% of urban population)","EG.ELC.ACCS.UR.ZS","","","","","","","","","","","","","","","","","","","","","","","","","","","","","","","100","100","100","100","100","100","100","100","100","100","100","100","100","100","100","100","100","100","100","100","100","100","100","100","100","100","100","100","100","100","100","100","100","100","100","",
"Nepal","NPL","Access to electricity, urban (% of urban population)","EG.ELC.ACCS.UR.ZS","","","","","","","","","","","","","","","","","","","","","","","","","","","","","","","","","","","","","78.4","82.9661636352539","83.638557434082","84.2905197143555","85.4","85.7","86.4","86.9","87.4","88","90.1","89.1","89.7","90.4","95.5","94.1","95.5","95.5","97.7","95.2","94.5","95.2","95.8","94.2","94.2","94.2","97.7","96","99.7","",
"Naoero","NRU","Access to electricity, urban (% of urban population)","EG.ELC.ACCS.UR.ZS","","","","","","","","","","","","","","","","","","","","","","","","","","","","","","","95.4031677246094","95.6047210693359","95.8057403564453","96.0036010742188","96.1951522827148","96.3772125244141","96.5466461181641","96.7002792358398","96.8349533081055","96.9491958618164","96.9","97","97.1","97.2","97.3","97.4","97.6","97.7","97.9","98.1","98.4","99","99","99.2","99.3","99","99.5","99.6","99.8","100","100","100","100","100","100","",
"New Zealand","NZL","Access to electricity, urban (% of urban population)","EG.ELC.ACCS.UR.ZS","","","","","","","","","","","","","","","","","","","","","","","","","","","","","","","100","100","100","100","100","100","100","100","100","100","100","100","100","100","100","100","100","100","100","100","100","100","100","100","100","100","100","100","100","100","100","100","100","100","100","",
"OECD members","OED","Access to electricity, urban (% of urban population)","EG.ELC.ACCS.UR.ZS","","","","","","","","","","","","","","","","","","","","","","","","","","","","","","","99.9113513714352","99.9434190562065","99.8399046899001","99.8847624618133","99.9009025850055","99.904954039611","99.8889860501852","99.9115205326016","99.900944927847","99.9127162519963","99.9033757774424","99.8993366047515","99.891442764981","99.8652509695655","99.8714173521408","99.8904542864915","99.9075364998791","99.8747915626701","99.9289097278955","99.9179947604843","99.9608323712915","99.9564742331859","99.9638551026612","99.972547687534","99.9573323453763","99.9301628257399","99.9749421223384","99.9840366091187","99.9783860666071","99.9906930085828","99.9815993850228","99.9902045117556","99.9767097302578","100","99.9867761916685","",
"Oman","OMN","Access to electricity, urban (% of urban population)","EG.ELC.ACCS.UR.ZS","","","","","","","","","","","","","","","","","","","","","","","","","","","","","","","100","100","100","100","100","100","100","100","100","100","100","100","99.9","99.9","99.8","99.8","99.8","100","100","100","100","100","100","100","100","100","100","100","100","100","100","100","100","100","100","",
"Other small states","OSS","Access to electricity, urban (% of urban population)","EG.ELC.ACCS.UR.ZS","","","","","","","","","","","","","","","","","","","","","","","","","","","","","","","100","100","100","100","99.9875357401183","99.9884309493838","92.4131364179194","92.6412580170512","92.6516363513448","92.7159552683975","89.427672743896","89.5896837728954","89.7841954934273","89.9275648452793","90.2328970727573","90.5152648449241","90.9203825110928","91.1536272330405","91.3597691077956","91.7981685181136","91.8540097933523","92.5172974212325","92.4851707298483","93.0705086947449","93.6873236694005","93.7509909668758","94.0987168760529","94.5062896276663","94.8951704559854","95.2591700996977","95.546195038405","95.8183875699096","95.3448512734772","95.8793085290685","96.0060993795479","",
"Pakistan","PAK","Access to electricity, urban (% of urban population)","EG.ELC.ACCS.UR.ZS","","","","","","","","","","","","","","","","","","","","","","","","","","","","","","","","","","","","","","","93.14","93.446159362793","93.6","93.9","94.1","94.3","94.6","94.9","95.2","95.5","95.8","96.2","96.5","96.9","97.3","97.6","97.9","98.2","98.5","98.8","99.1","99.3","99.6","99.9","100","100","98.4","",
"Panama","PAN","Access to electricity, urban (% of urban population)","EG.ELC.ACCS.UR.ZS","","","","","","","","","","","","","","","","","","","","","","","","","","","","","","","95.56","95.7804412841797","95.9650573730469","96.1465225219727","96.321662902832","96.4873275756836","96.6403503417969","96.7775802612305","96.8958511352539","96.9936904907227","97.2","97.2","97.2","97.3","97.4","97.5","97.6","97.8","98","98.2","98.7","98.6","98.8","98.3","99.1","99.2","99.4","100","99.6","99.6","99.8","99.8","99","100","98","",
"Peru","PER","Access to electricity, urban (% of urban population)","EG.ELC.ACCS.UR.ZS","","","","","","","","","","","","","","","","","","","","","","","","","","","","","","","","","90.3","91.1994476318359","91.5978240966797","91.9867248535156","92","91.792103","93.421129","95.064564","95.2","92.4","93.8","93.8","94.3","94.7","96.2","95.8","97","97.5","98.1","98.4","98.6","98.8","98.9","98.9","98.9","98.9","99","99.1","99","98.9","99","99","99","",
"Philippines","PHL","Access to electricity, urban (% of urban population)","EG.ELC.ACCS.UR.ZS","","","","","","","","","","","","","","","","","","","","","","","","","","","","","","","","","","83.7","87.2900009155273","87.7485122680664","88.1943969726563","88.6244735717773","91.1","90.1387028775341","89.8","90.2","90.5","92","91.3","91.6","92.3","92.5","93.7","94.1","93.9","94.4","94.7","94.1","95.8","95.9","96.6","96.4","97.4","97.8","98.2","98.6","98","98.4","99.8","",
"Palau","PLW","Access to electricity, urban (% of urban population)","EG.ELC.ACCS.UR.ZS","","","","","","","","","","","","","","","","","","","","","","","","","","","","","","","98.5669784545898","98.6608276367188","98.7541427612305","98.8443069458008","98.9281463623047","99.0025100708008","99.0642395019531","99.1101684570313","99.1371383666992","99.1436767578125","99","99","99","99","99","99.7","99.1","99.1","99.2","99.3","99.4","99.5","98.5","99.7","100","99.8","100","100","100","100","100","100","99.9","100","100","",
"Papua New Guinea","PNG","Access to electricity, urban (% of urban population)","EG.ELC.ACCS.UR.ZS","","","","","","","","","","","","","","","","","","","","","","","","","","","","","","","","","","","","","63.1","60.6246109008789","61.4361534118652","62.2272644042969","65","65","64.9","64.9","64.8","64.8","61.3","64.9","64.9","69.6","71.2","69.6","68.8","68","67.1","66.1","66.2","65.3","57","66","65.2","65.2","65.1","65.2","66.8","",
"Poland","POL","Access to electricity, urban (% of urban population)","EG.ELC.ACCS.UR.ZS","","","","","","","","","","","","","","","","","","","","","","","","","","","","","","","100","100","100","100","100","100","100","100","100","100","99.8","99.7","99.7","99.6","99.6","99.6","99.6","99.6","99.7","100","100","100","100","100","100","100","100","100","100","100","100","100","100","100","100","",
"Pre-demographic dividend","PRE","Access to electricity, urban (% of urban population)","EG.ELC.ACCS.UR.ZS","","","","","","","","","","","","","","","","","","","","","","","","","","","","","","","","","","","","","","63.6582737193078","64.2157100807744","64.540596296766","61.2390723897477","61.3616401873891","62.6691427170909","63.7087928462313","64.1422110304405","65.054852122202","65.7763480529354","67.7852761298151","66.4593742553026","67.433319612261","67.9326745307986","72.2857081109808","72.2051742654134","72.1883813049373","71.9845326398424","72.0422545881585","75.0784648122518","75.9244468096715","75.2464579194282","76.9762773346966","77.9440820933154","80.5440920886869","80.7276884838374","81.3412507652722","81.9140562336249","",
"Puerto Rico (US)","PRI","Access to electricity, urban (% of urban population)","EG.ELC.ACCS.UR.ZS","","","","","","","","","","","","","","","","","","","","","","","","","","","","","","","100","100","100","100","100","100","100","100","100","100","100","100","100","100","100","100","100","100","100","100","100","100","100","100","100","100","100","100","100","100","100","100","100","100","100","",
"Korea, Dem. People's Rep.","PRK","Access to electricity, urban (% of urban population)","EG.ELC.ACCS.UR.ZS","","","","","","","","","","","","","","","","","","","","","","","","","","","","","","","","","","","","","","","","","","","","","","","","","","","","","","","","","","","","","","","","","","",
"Portugal","PRT","Access to electricity, urban (% of urban population)","EG.ELC.ACCS.UR.ZS","","","","","","","","","","","","","","","","","","","","","","","","","","","","","","","100","100","100","100","100","100","100","100","100","100","100","100","100","100","100","100","100","100","100","100","100","100","100","100","100","100","100","100","100","100","100","100","100","100","100","",
"Paraguay","PRY","Access to electricity, urban (% of urban population)","EG.ELC.ACCS.UR.ZS","","","","","","","","","","","","","","","","","","","","","","","","","","","","","","","","","","","","96.450145","97.1614761352539","97.566108","97.4483947753906","97.515368","97.7","97.9","97.8","97.8","97.5","98.4","98.5","98.8","99","98.4","99.5","99.6","99.6","99.8","99.8","99.8","99.9","99.8","99.9","99.9","99.9","100","100","100","99.9","",
"West Bank and Gaza","PSE","Access to electricity, urban (% of urban population)","EG.ELC.ACCS.UR.ZS","","","","","","","","","","","","","","","","","","","","","","","","","","","","","","","","","","","","","","99.974235534668","99.9671325683594","99.9416580200195","99.9","99.1","99.7","99.7","99.7","99.8","99.8","99.6","99.9","99.9","99.9","99.9","100","100","99.8","100","100","100","100","100","100","100","100","100","100","",
"Pacific island small states","PSS","Access to electricity, urban (% of urban population)","EG.ELC.ACCS.UR.ZS","","","","","","","","","","","","","","","","","","","","","","","","","","","","","","","","","","","","","89.8488509830166","90.2621649864477","90.6574974270635","87.0718039236433","88.1844584603485","88.3993899803399","87.9915783051274","88.0491695976171","88.8490031240151","89.1476907453654","89.2103159975425","90.2186879727298","90.9215468625869","90.5763618909622","91.0882680596945","91.3045488209692","91.3625302147343","90.3905788404059","91.3160795484299","91.0169149551712","91.2266858657344","91.3198937769254","91.7328722143387","92.1445941149996","92.6177195113853","92.3615875900141","92.8635971944549","94.1076125836502","94.0994046131389","",
"Post-demographic dividend","PST","Access to electricity, urban (% of urban population)","EG.ELC.ACCS.UR.ZS","","","","","","","","","","","","","","","","","","","","","","","","","","","","","","","99.9952323680719","99.9974293882079","99.9990761740918","99.9998397260577","100","100","100","100","100","100","99.8611225548983","99.8636581289092","99.8699044388023","99.8776924949466","99.8832733178357","99.9001838924786","99.9020262031341","99.9180253414952","99.9265520701921","99.9342127518326","99.945233010882","99.9530268705021","99.9580352403088","99.9677828668755","99.9730708641605","99.9775121511209","99.9827160880149","99.9875665982578","99.9925986190289","99.9957876553344","99.9989348142935","99.9994710801883","99.9937868990759","100","100","",
"French Polynesia","PYF","Access to electricity, urban (% of urban population)","EG.ELC.ACCS.UR.ZS","","","","","","","","","","","","","","","","","","","","","","","","","","","","","","","100","100","100","100","100","100","100","100","100","100","100","100","100","100","100","100","100","100","100","100","100","100","100","100","100","100","100","100","100","100","100","100","100","100","100","",
"Qatar","QAT","Access to electricity, urban (% of urban population)","EG.ELC.ACCS.UR.ZS","","","","","","","","","","","","","","","","","","","","","","","","","","","","","","","100","100","100","100","100","100","100","100","100","100","100","100","100","100","100","100","100","100","100","100","100","100","100","100","100","100","100","100","100","100","100","100","100","100","100","",
"Romania","ROU","Access to electricity, urban (% of urban population)","EG.ELC.ACCS.UR.ZS","","","","","","","","","","","","","","","","","","","","","","","","","","","","","","","100","100","100","100","100","100","100","100","100","100","95.3","95.5","95.7","95.9","96.1","96.3","96.5","96.8","97","97.3","98","98.4","98.7","99","99.1","99.2","99.5","99.6","99.8","100","100","100","100","100","100","",
"Russian Federation","RUS","Access to electricity, urban (% of urban population)","EG.ELC.ACCS.UR.ZS","","","","","","","","","","","","","","","","","","","","","","","","","","","","","","","100","100","100","100","100","100","100","100","100","100","98.4","98.4","98.4","98.3","98.3","98.3","98.4","98.4","98.5","98.6","99","99.1","100","100","100","95.1","99.1","99.1","100","99.2","99.2","99.2","99.1","100","100","",
"Rwanda","RWA","Access to electricity, urban (% of urban population)","EG.ELC.ACCS.UR.ZS","","","","","","","","","","","","","","","","","","","","","","","","","","","","","","","","","31.1","18.0791263580322","20.3961029052734","22.7036018371582","24.998462677002","27.2775268554688","29.5376358032227","31.7773094177246","38.9","35.9","38.2","40.5","42.9","25.1","47.6","50","28.1","54.9","44.5","58.2","67.6","61.5","71.8","72.9","80","84.8","85.8","86.4","93.9","98","98","99.9","88","",
"South Asia","SAS","Access to electricity, urban (% of urban population)","EG.ELC.ACCS.UR.ZS","","","","","","","","","","","","","","","","","","","","","","","","","","","","","","","","","","81.4903354861964","84.2678988365113","84.4417639473615","84.9702758332561","86.2652537992533","86.3106183084312","89.6559901506321","88.5398434506049","88.6102070532045","89.2081468485537","89.7355163256371","89.7985493318088","90.9017029201882","91.5619137155786","91.8521257481277","92.6703695265312","94.9671798495898","93.7063698518972","94.8766828169462","95.5735856711851","95.7652048381331","96.5365710315274","97.069735414706","97.682281797776","98.6627796865702","98.7597454061309","99.4218623266422","98.7309019754558","99.7715650861024","99.9210216052331","99.8175075006245","99.9423412131761","",
"Saudi Arabia","SAU","Access to electricity, urban (% of urban population)","EG.ELC.ACCS.UR.ZS","","","","","","","","","","","","","","","","","","","","","","","","","","","","","","","100","100","100","100","100","100","100","100","100","100","100","100","100","100","100","100","100","100","100","100","100","100","100","100","100","100","100","100","100","100","100","100","100","100","100","",
"Sudan","SDN","Access to electricity, urban (% of urban population)","EG.ELC.ACCS.UR.ZS","","","","","","","","","","","","","","","","","","","","","","","","","","","","","","","66.1","63.8322257995605","64.1226501464844","64.4099349975586","64.6909255981445","64.9624786376953","65.2214584350586","65.4646987915039","65.689079284668","65.8931121826172","61.6","61.6","61.7","61.7","61.7","61.8","61.8","61.9","45.8","58","72","73.3","74.5","75.7","76.3","77.8","78.9","80","81.1","82.2","83.2","84.2","84","87","87.9","",
"Senegal","SEN","Access to electricity, urban (% of urban population)","EG.ELC.ACCS.UR.ZS","","","","","","","","","","","","","","","","","","","","","","","","","","","","","","","","","","58.6","65.7216644287109","66.8891525268555","68.0439987182617","68.9","70.3031387329102","72.8","74.6","73.6","74.2","75.7","76.7","80.4","83.6","80","81.2","83.4","84.3","87.8","86.3","87.8","85","86.9","87.7","91.7","93.5","95.2","92","93.9","96.6","96.1","95.7","",
"Singapore","SGP","Access to electricity, urban (% of urban population)","EG.ELC.ACCS.UR.ZS","","","","","","","","","","","","","","","","","","","","","","","","","","","","","","","100","100","100","100","100","100","100","100","100","100","100","100","100","100","100","100","100","100","100","100","100","100","100","100","100","100","100","100","100","100","100","100","100","100","100","",
"Solomon Islands","SLB","Access to electricity, urban (% of urban population)","EG.ELC.ACCS.UR.ZS","","","","","","","","","","","","","","","","","","","","","","","","","","","","","","","","","","","","","","","","55.1","59.1","59.7","60.2","60.8","61.4","62","61.2","68.6","64","71.4","65.4","66.1","66.8","60.4","68.1","67.6","69.4","70.7","72.9","75","77.1","79.2","79","81.2","82.3","",
"Sierra Leone","SLE","Access to electricity, urban (% of urban population)","EG.ELC.ACCS.UR.ZS","","","","","","","","","","","","","","","","","","","","","","","","","","","","","","","","","","","","","","","","","23.6","25","26.4","27.7","29.1","35.9","32","33.5","33.1","36.5","34.3","35.8","41","41.4","44","45.4","46.9","48.7","53.2","51.4","55","57","55.3","56.3","56.4","",
"El Salvador","SLV","Access to electricity, urban (% of urban population)","EG.ELC.ACCS.UR.ZS","","","","","","","","","","","","","","","","","","","","","","","","","","","","","","","","93.618226","94.340446472168","94.5578384399414","94.768913269043","94.981486","95.233394","95.332633972168","95.731315","93.057406","96.1","97.1","97.3","96.5","96.5","96.5","97.2","97.1","96.5","96.6","96.9","97.2","97.8","97.8","97.8","98","98.4","99","98.7","98.8","99.1","99.2","100","99.4","99.4","",
"San Marino","SMR","Access to electricity, urban (% of urban population)","EG.ELC.ACCS.UR.ZS","","","","","","","","","","","","","","","","","","","","","","","","","","","","","","","100","100","100","100","100","100","100","100","100","100","100","100","100","100","100","100","100","100","100","100","100","100","100","100","100","100","100","100","100","100","100","100","100","100","100","",
"Somalia, Fed. Rep.","SOM","Access to electricity, urban (% of urban population)","EG.ELC.ACCS.UR.ZS","","","","","","","","","","","","","","","","","","","","","","","","","","","","","","","","","","","","","","","","","20.5","23","22.2","28","30.5","33.1","38.1","38.2","40.8","43.4","66.3","66.9","67.4","67.8","68.2","68.5","68.9","69.3","69.7","69.9","70.3","70.6","76.7","79","73.4","",
"Serbia","SRB","Access to electricity, urban (% of urban population)","EG.ELC.ACCS.UR.ZS","","","","","","","","","","","","","","","","","","","","","","","","","","","","","","","100","100","100","100","100","100","100","100","100","100","99.6","99.6","99.6","99.5","99.5","99.8","99.5","99.5","99.6","99.7","99.9","99.8","99.9","99.9","99.8","99.9","100","100","100","99.9","100","100","100","100","100","",
"Sub-Saharan Africa (excluding high income)","SSA","Access to electricity, urban (% of urban population)","EG.ELC.ACCS.UR.ZS","","","","","","","","","","","","","","","","","","","","","","","","","","","","","","","","","","","","","70.2244071078822","68.1414177662406","68.5431874364943","68.7203675377587","62.925828791024","63.0359799981144","64.1766003610511","65.1856644062118","65.4815447600452","66.3647436978582","67.0445303981949","68.8620820441048","67.6141256125836","68.7550522684329","68.724154483239","72.8780685872561","72.8961745119668","72.9412282130459","72.9470882912185","72.6787883058513","75.3612491574941","76.7445574139907","75.9466209092748","77.6802242104365","78.680581990611","81.0987677001471","81.3599505727214","82.658481124009","82.8730897595907","",
"South Sudan","SSD","Access to electricity, urban (% of urban population)","EG.ELC.ACCS.UR.ZS","","","","","","","","","","","","","","","","","","","","","","","","","","","","","","","","","","","","","","","","","8.1","8.3","8.4","8.6","8.8","9","9.3","9.5","9.8","16.6","4","10.8","11.1","11.3","11.6","11.9","12.1","9.6","12.6","13.6","14.6","15.6","15","19.1","22.8","",
"Sub-Saharan Africa","SSF","Access to electricity, urban (% of urban population)","EG.ELC.ACCS.UR.ZS","","","","","","","","","","","","","","","","","","","","","","","","","","","","","","","","","","","","","70.231587891258","68.1484383562423","68.5498459604244","68.7267227051379","62.9315266712288","63.0414149172654","64.1817907404365","65.1904328051234","65.4860503694028","66.3689616240797","67.0485805767569","68.8657554305703","67.617885544869","68.7585556843853","68.7276431436664","72.8809146410151","72.8989612488039","72.9439383625374","72.9497916921244","72.6814828471086","75.3636300614231","76.746758545666","75.9488454478068","77.6822436066465","78.6824696145285","81.1004053787943","81.3618439269297","82.6601862366762","82.8747426326454","",
"Small states","SST","Access to electricity, urban (% of urban population)","EG.ELC.ACCS.UR.ZS","","","","","","","","","","","","","","","","","","","","","","","","","","","","","","","","","","","","","92.549761031255","92.7773453891653","92.8394707873159","92.8387898321103","91.3468003623315","91.4653372861887","91.5368115668392","91.622992720122","91.8942384011336","91.9168716623314","92.1872510600654","92.6393512503295","92.8401064613805","93.1582543602318","93.2515836882434","93.6202753477811","93.7615263512299","94.0752560919486","94.5989623094901","94.6106331082412","94.8950179950812","95.194632328717","95.5227051660328","95.843433963892","96.11455562104","96.275465432231","96.0280346358307","96.5037468969675","96.6544514246016","",
"Sao Tome and Principe","STP","Access to electricity, urban (% of urban population)","EG.ELC.ACCS.UR.ZS","","","","","","","","","","","","","","","","","","","","","","","","","","","","","","","","","","","","","","","","","64.1","64","64.6","65.2","65.7","66.4","67","67.6","68.3","69.8","69.7","70.4","65.3","71.8","75.8","73","73.7","73.5","76.7","77.6","78.8","80","80","81.9","78.9","",
"Suriname","SUR","Access to electricity, urban (% of urban population)","EG.ELC.ACCS.UR.ZS","","","","","","","","","","","","","","","","","","","","","","","","","","","","","","","","","","","","","","","","99.62406","97.8","97.8","97.7","97.7","97.6","97.6","95.6","97.7","97.7","97.8","97.2","97.9","98","98.1","98.3","98.4","98.6","98.8","99","99.2","99.4","99.5","100","100","100","",
"Slovak Republic","SVK","Access to electricity, urban (% of urban population)","EG.ELC.ACCS.UR.ZS","","","","","","","","","","","","","","","","","","","","","","","","","","","","","","","100","100","100","100","100","100","100","100","100","100","100","100","99.9","99.8","99.8","99.8","99.8","100","100","100","100","100","100","100","100","100","100","100","100","100","100","100","100","100","100","",
"Slovenia","SVN","Access to electricity, urban (% of urban population)","EG.ELC.ACCS.UR.ZS","","","","","","","","","","","","","","","","","","","","","","","","","","","","","","","100","100","100","100","100","100","100","100","100","100","100","100","100","100","100","100","100","100","100","100","100","100","100","100","100","100","100","100","100","100","100","100","100","100","100","",
"Sweden","SWE","Access to electricity, urban (% of urban population)","EG.ELC.ACCS.UR.ZS","","","","","","","","","","","","","","","","","","","","","","","","","","","","","","","100","100","100","100","100","100","100","100","100","100","100","100","100","100","100","100","100","100","100","100","100","100","100","100","100","100","100","100","100","100","100","100","100","100","100","",
"Eswatini","SWZ","Access to electricity, urban (% of urban population)","EG.ELC.ACCS.UR.ZS","","","","","","","","","","","","","","","","","","","","","","","","","","","","","","","","","","","","","","","","","54.8","56.4","58","59.6","61.2","62.9","63.4","66.3","68","72.6","65.4","73.2","74.9","76.7","84","80.6","81","85.3","87.7","90","92.3","94.6","86.1","91","92.1","",
"Sint Maarten (Dutch part)","SXM","Access to electricity, urban (% of urban population)","EG.ELC.ACCS.UR.ZS","","","","","","","","","","","","","","","","","","","","","","","","","","","","","","","99.5024108886719","99.5690002441406","99.6350708007813","99.6979751586914","99.7545623779297","99.8016738891602","99.8361511230469","99.8548278808594","99.8545455932617","99.8338317871094","99.6","99.6","99.5","99.5","99.5","99.5","99.5","99.5","99.6","99.7","100","100","100","100","100","100","100","100","100","100","100","100","100","100","100","",
"Seychelles","SYC","Access to electricity, urban (% of urban population)","EG.ELC.ACCS.UR.ZS","","","","","","","","","","","","","","","","","","","","","","","","","","","","","","","","","","","98.8616714477539","98.9373321533203","99.0003433227539","99.0475692749023","99.0758285522461","99.0836639404297","98.7","98.7","98.7","98.7","98.7","98.7","98.8","98.9","99","99.1","99.3","99.5","99.7","99.5","100","100","100","100","100","100","100","100","100","100","100","",
"Syrian Arab Republic","SYR","Access to electricity, urban (% of urban population)","EG.ELC.ACCS.UR.ZS","","","","","","","","","","","","","","","","","","","","","","","","","","","","","","","","","","","","","","","","","99.2","99.3","99.5","99.4","99.5","99.6","99.8","99.9","100","100","100","100","100","100","100","100","100","100","100","100","100","100","100","100","100","",
"Turks and Caicos Islands","TCA","Access to electricity, urban (% of urban population)","EG.ELC.ACCS.UR.ZS","","","","","","","","","","","","","","","","","","","","","","","","","","","","","","","99.7622528076172","99.8189163208008","99.8750610351563","99.9241333007813","99.964714050293","99.9891815185547","99.998420715332","100","99.9974060058594","99.9836578369141","99.8","99.7","99.7","99.6","99.6","99.6","99.6","99.6","99.7","100","100","100","100","100","100","100","100","100","100","100","100","100","100","100","100","",
"Chad","TCD","Access to electricity, urban (% of urban population)","EG.ELC.ACCS.UR.ZS","","","","","","","","","","","","","","","","","","","","","","","","","","","","","","","","","","","","","","9.4","7.74023675918579","8.9199914932251","10.1","11.2","12.4","13.5","16.4","15.9","17.1","18.4","19.6","20.9","18.3","13.6","24.7","26","27.2","32.4","31.1","33.6","36","36.7","40.8","43.2","46.3","48.1","51","",
"East Asia & Pacific (IDA & IBRD countries)","TEA","Access to electricity, urban (% of urban population)","EG.ELC.ACCS.UR.ZS","","","","","","","","","","","","","","","","","","","","","","","","","","","","","","","","","","","","","","","","","98.2927451249777","98.1573168546964","98.2538955679897","98.6372241328063","98.3946141566617","98.518436341632","98.6314126063186","98.926166398059","99.0141656033672","99.2137467248192","99.3097382506911","99.3731106490686","99.3777246793891","99.4446644102158","99.4799541255465","99.5658154633851","99.6346089849013","99.6580207573719","99.6959313483842","99.7207717327422","99.7046351014379","99.7796626240132","99.7727763121747","99.7997886674277","99.8825472767118","",
"Europe & Central Asia (IDA & IBRD countries)","TEC","Access to electricity, urban (% of urban population)","EG.ELC.ACCS.UR.ZS","","","","","","","","","","","","","","","","","","","","","","","","","","","","","","","100","100","100","100","100","99.9955711225398","99.9975658446337","99.9899152794033","99.989963109617","99.9615205461974","98.6480170161755","98.6488018765639","98.6855947940855","98.6718407674887","98.6819233664595","98.7469418145824","98.8030764056","98.874103656084","98.9748330355807","99.1010802874944","99.3778069592758","99.4532106815522","99.8187723956051","99.8510260589022","99.8792330774995","98.1773737503938","99.6106814674928","99.631937254354","99.9633622590588","99.7053125367681","99.7140260260153","99.7145543536516","99.6848497916447","100","99.9991251092305","",
"Togo","TGO","Access to electricity, urban (% of urban population)","EG.ELC.ACCS.UR.ZS","","","","","","","","","","","","","","","","","","","","","","","","","","","","","","","","","","","","","","","41.2","42.9995880126953","38.5","47.9","50.2","52.6","55","57.4","64.9","62.2","64.7","67.2","66.5","77.9","76.3","78.1","83.2","82","84.4","88.8","83.1","91.6","94","96.3","96.5","95","96","",
"Thailand","THA","Access to electricity, urban (% of urban population)","EG.ELC.ACCS.UR.ZS","","","","","","","","","","","","","","","","","","","","","","","","","","","","","","","","","","","","","","","","","99.9","99.5","99.5","99.4","99.4","99.4","99.6","99.4","99.5","99","100","99.7","99.4","99.9","99.9","99.7","99.9","99.9","99.9","99.9","99.8","99.8","100","100","100","",
"Tajikistan","TJK","Access to electricity, urban (% of urban population)","EG.ELC.ACCS.UR.ZS","","","","","","","","","","","","","","","","","","","","","","","","","","","","","","","","","","","","","","","","99.9206237792969","99.7","99.8","99.7","99.9","99.5","99.7","99.4","99.3","99.3","99.4","99.4","99.4","99.8","99.4","99.4","98.5","99.3","99.2","99.2","99.1","99","98.9","99","100","99.9","",
"Turkmenistan","TKM","Access to electricity, urban (% of urban population)","EG.ELC.ACCS.UR.ZS","","","","","","","","","","","","","","","","","","","","","","","","","","","","","","","","","","","","","","","","","99.7","99.7","99.6","99.6","99.6","99.6","99.9","99.6","99.7","99.8","100","99.9","100","100","100","100","100","100","100","99.9","100","100","100","100","100","",
"Latin America & the Caribbean (IDA & IBRD countries)","TLA","Access to electricity, urban (% of urban population)","EG.ELC.ACCS.UR.ZS","","","","","","","","","","","","","","","","","","","","","","","","","","","","","","","","","97.1780656001564","97.5687878721857","97.8337793629705","97.6800816115949","97.8586678793551","97.9673796340149","98.0640354573243","98.2327347239064","98.3409051146316","98.0845337628843","98.223552768367","98.1007041621044","98.3880477865732","98.3995321187348","98.6239697610661","98.7346092808986","98.9706583940428","98.9919959634879","99.1485188317155","99.2297343370761","99.304932819082","99.3809497237301","99.360867705453","99.3861007103212","99.4784123634229","99.5118789024908","99.5176078500986","99.6009365433798","99.577758260278","99.5568678415673","99.631441567969","99.7014985453084","99.651876704637","",
"Timor-Leste","TLS","Access to electricity, urban (% of urban population)","EG.ELC.ACCS.UR.ZS","","","","","","","","","","","","","","","","","","","","","","","","","","","","","","","","","","","","","","","","","69.6","71.2","72.8","73.6","76","77.6","79.3","82.3","82.7","84.4","83.4","87.8","89.5","91.2","93.2","95.2","98.4","99.4","99.7","100","100","100","100","100","100","",
"Middle East, North Africa, Afghanistan & Pakistan (IDA & IBRD)","TMN","Access to electricity, urban (% of urban population)","EG.ELC.ACCS.UR.ZS","","","","","","","","","","","","","","","","","","","","","","","","","","","","","","","","","","","","","","","","","96.8685131548654","96.9359083697903","97.0312666727763","97.1474504839027","97.3098778212689","97.2481090908261","97.9537293294272","97.6158337217418","98.0510742491655","98.026674045137","98.3718693778552","98.613627576833","98.8318546946392","98.965815560753","99.1737522193883","98.9230281144913","99.2642989780958","99.3802116576734","99.0971191602399","99.4865557003514","99.564115795266","99.6457022620985","99.6782817549728","99.6829610921016","99.2575862037909","",
"Tonga","TON","Access to electricity, urban (% of urban population)","EG.ELC.ACCS.UR.ZS","","","","","","","","","","","","","","","","","","","","","","","","","","","","","","","","","","","95.3883666992188","95.5862197875977","95.7714309692383","95.9408416748047","96.0913009643555","96.2213287353516","96.4","96.5","96.6","96.7","96.8","96.9","97.7","97.2","97.4","97.6","97.9","97.3","97.7","98.5","98.7","100","98.6","99.6","99.8","100","100","100","100","100","100","",
"South Asia (IDA & IBRD)","TSA","Access to electricity, urban (% of urban population)","EG.ELC.ACCS.UR.ZS","","","","","","","","","","","","","","","","","","","","","","","","","","","","","","","","","","81.4903354861964","84.2678988365113","84.4417639473615","84.9702758332561","86.2652537992533","86.3106183084312","89.6559901506321","88.5398434506049","88.6102070532045","89.2081468485537","89.7355163256371","89.7985493318087","90.9017029201882","91.5619137155786","91.8521257481277","92.6703695265312","94.9671798495898","93.7063698518972","94.8766828169462","95.5735856711851","95.7652048381331","96.5365710315274","97.069735414706","97.682281797776","98.6627796865702","98.7597454061309","99.4218623266422","98.7309019754558","99.7715650861024","99.9210216052331","99.8175075006245","99.9423412131761","",
"Sub-Saharan Africa (IDA & IBRD countries)","TSS","Access to electricity, urban (% of urban population)","EG.ELC.ACCS.UR.ZS","","","","","","","","","","","","","","","","","","","","","","","","","","","","","","","","","","","","","70.231587891258","68.1484383562423","68.5498459604244","68.7267227051378","62.9315266712288","63.0414149172654","64.1817907404365","65.1904328051234","65.4860503694028","66.3689616240797","67.0485805767569","68.8657554305702","67.617885544869","68.7585556843853","68.7276431436664","72.8809146410151","72.8989612488039","72.9439383625374","72.9497916921244","72.6814828471086","75.3636300614231","76.746758545666","75.9488454478068","77.6822436066465","78.6824696145285","81.1004053787944","81.3618439269297","82.6601862366763","82.8747426326454","",
"Trinidad and Tobago","TTO","Access to electricity, urban (% of urban population)","EG.ELC.ACCS.UR.ZS","","","","","","","","","","","","","","","","","","","","","","","","","","","","","","","","","","","","","","","","","100","99.9","99.8","99.7","99.7","99.7","100","100","100","100","100","98.4","100","100","100","100","100","100","100","100","100","100","100","99.3","100","",
"Tunisia","TUN","Access to electricity, urban (% of urban population)","EG.ELC.ACCS.UR.ZS","","","","","","","","","","","","","","","","","","","","","","","","","","","","","","","","","","","99.8707885742188","99.9045104980469","99.9270782470703","99.9334106445313","99.9283218383789","99.9079437255859","99.4","99.4","99.7","99.7","99.7","99.7","99.7","99.7","99.7","99.7","99.9","99.8","100","100","100","99.9","100","100","99.9","100","100","100","100","100","100","",
"Turkiye","TUR","Access to electricity, urban (% of urban population)","EG.ELC.ACCS.UR.ZS","","","","","","","","","","","","","","","","","","","","","","","","","","","","","","","","","","","","","","","","","99.6","99.5","99.5","99.5","99.4","99.4","99.5","99.5","99.6","99.7","100","100","100","100","100","100","100","100","100","100","100","100","100","100","100","",
"Tuvalu","TUV","Access to electricity, urban (% of urban population)","EG.ELC.ACCS.UR.ZS","","","","","","","","","","","","","","","","","","","","","","","","","","","","","","","","","","","","","","","","","96","96.2","95.4","96.5","96.6","96.8","97","98.6","97.5","97.8","98.1","98.4","98.8","98.9","99.1","99.4","99.6","99.8","99.9","99.8","100","100","100","100","100","",
"Tanzania","TZA","Access to electricity, urban (% of urban population)","EG.ELC.ACCS.UR.ZS","","","","","","","","","","","","","","","","","","","","","","","","","","","","","","","","","23.9","22.2905502319336","23.8663482666016","25.4326667785645","35.5","28.5242328643799","30.0431613922119","27.3","32.7","34.3","35.9","36.5","38.9","40.6","42.3","44","40.1","43.5","46.2","42.9","46.4","50.3","53.6","58.4","65.3","64.8","67.9","73.2","72.9","77.3","74.7","82.4","85.2","",
"Uganda","UGA","Access to electricity, urban (% of urban population)","EG.ELC.ACCS.UR.ZS","","","","","","","","","","","","","","","","","","","","","","","","","","","","","","","","33.6","32.1088714599609","33.2691764831543","34.4231605529785","40.2","36.699535369873","37.8156089782715","38.9127235412598","39.9894065856934","41","43.9","39.3","44.2","45.3","49","41.8","48.7","49.9","45","48","55.4","54.6","55.8","51.4","51.9","57.5","63.4","72","70.8","70.1","72.3","72","76.4","78.3","",
"Ukraine","UKR","Access to electricity, urban (% of urban population)","EG.ELC.ACCS.UR.ZS","","","","","","","","","","","","","","","","","","","","","","","","","","","","","","","100","100","100","100","100","100","100","100","100","100","99.5","99.5","99.5","99.6","99.6","99.9","99.7","99.9","99.9","99.9","100","100","99.9","100","100","100","100","100","100","100","100","100","100","100","100","",
"Upper middle income","UMC","Access to electricity, urban (% of urban population)","EG.ELC.ACCS.UR.ZS","","","","","","","","","","","","","","","","","","","","","","","","","","","","","","","","","","","","","","","","","98.4356083349957","98.3114381482386","98.4317055379059","98.6682441175804","98.5033008939172","98.6242272371491","98.7337843276477","98.9011542339083","99.0141053827319","99.1481766670001","99.2373436585739","99.3140001105577","99.3275890830241","99.3993199640734","99.4545996918796","99.476194858892","99.5304136971687","99.5547743530482","99.5827197762788","99.6194337966094","99.5957417305122","99.6312619372155","99.6361051801072","99.8370070609505","99.7955126664057","",
"Uruguay","URY","Access to electricity, urban (% of urban population)","EG.ELC.ACCS.UR.ZS","","","","","","","","","","","","","","","","","","","","","","","","","","","","","","","","","98.379169","98.9462203979492","99.0280609130859","99.097572","99.315544","99.310103","99.337214","99.2335891723633","99.3","99.2","99.2","99.1","99.1","99.1","99.3","99.4","99.5","99.5","99.6","99.4","99.8","99.8","99.8","99.8","99.8","99.8","99.8","99.9","100","100","100","100","100","",
"United States","USA","Access to electricity, urban (% of urban population)","EG.ELC.ACCS.UR.ZS","","","","","","","","","","","","","","","","","","","","","","","","","","","","","","","100","100","100","100","100","100","100","100","100","100","100","100","100","100","100","100","100","100","100","100","100","100","100","100","100","100","100","100","100","100","100","100","100","100","100","",
"Uzbekistan","UZB","Access to electricity, urban (% of urban population)","EG.ELC.ACCS.UR.ZS","","","","","","","","","","","","","","","","","","","","","","","","","","","","","","","","","","","","","100","99.8302001953125","99.8714981079102","99.8923645019531","99.9","99.9","99.9","99.8","99.7","99.7","99.8","99.8","99.8","99.9","100","100","100","100","100","100","100","100","100","100","100","100","100","100","100","",
"St. Vincent and the Grenadines","VCT","Access to electricity, urban (% of urban population)","EG.ELC.ACCS.UR.ZS","","","","","","","","","","","","","","","","","","","","","","","","","","","","","","","","80.5223770141602","81.2259292602539","81.9263305664063","82.6204071044922","83.3050079345703","83.9769668579102","84.6331329345703","85.2703475952148","85.8871231079102","86.6","86.7","87.7","88.3","88.9","89.5","90.1","91.2","91.4","92.1","92.8","93.5","94.2","94.9","95.5","96.2","96.8","97.4","100","100","100","99.8","100","100","100","",
"Venezuela, RB","VEN","Access to electricity, urban (% of urban population)","EG.ELC.ACCS.UR.ZS","","","","","","","","","","","","","","","","","","","","","","","","","","","","","","","","","99.940829","99.5513305664063","99.6257629394531","99.7","99.743034362793","99.7","99.3","99.5","99.9","100","99.8","99.6","99.6","99.6","99.6","99.6","99.7","99.8","99.9","99.9","100","100","100","100","100","100","100","100","100","100","100","100","100","",
"British Virgin Islands","VGB","Access to electricity, urban (% of urban population)","EG.ELC.ACCS.UR.ZS","","","","","","","","","","","","","","","","","","","","","","","","","","","","","","","95.4663162231445","95.6788940429688","95.8909378051758","96.0998229980469","96.3023834228516","96.495475769043","96.6759262084961","96.8405838012695","96.9862823486328","97.1115417480469","97.8","97.9","97.9","98","98","98.1","98.3","98.4","98.6","98.7","99.3","99.5","99.7","99.8","99.9","100","100","100","100","100","100","100","100","100","100","",
"Virgin Islands (U.S.)","VIR","Access to electricity, urban (% of urban population)","EG.ELC.ACCS.UR.ZS","","","","","","","","","","","","","","","","","","","","","","","","","","","","","","","100","100","100","100","100","100","100","100","100","100","100","100","100","100","100","100","100","100","100","100","100","100","100","100","100","100","100","100","100","100","100","100","100","100","100","",
"Viet Nam","VNM","Access to electricity, urban (% of urban population)","EG.ELC.ACCS.UR.ZS","","","","","","","","","","","","","","","","","","","","","","","","","","","","","","","","","","","","","","98.6","98.9819412231445","99.0234451293945","99.1","99.1","99.4","99.1","99.1","99.6","99.1","99.3","99.4","99.6","99.9","100","99.8","100","99.9","100","100","100","100","100","99.9","100","100","100","100","",
"Vanuatu","VUT","Access to electricity, urban (% of urban population)","EG.ELC.ACCS.UR.ZS","","","","","","","","","","","","","","","","","","","","","","","","","","","","","","","","","","","73.4630889892578","74.2180480957031","74.9603652954102","75.6868896484375","76.3944549560547","77.0815887451172","77.9","78.6","79.2","79.8","80.5","81.2","82.8","84.6","83.3","82.3","82.3","85.6","86.4","86.2","88.1","89.3","91.4","91.9","93.3","94.5","95.8","97","97","87.5","90.1","",
"World","WLD","Access to electricity, urban (% of urban population)","EG.ELC.ACCS.UR.ZS","","","","","","","","","","","","","","","","","","","","","","","","","","","","","","","","","","94.3225316917291","94.7780604044627","94.7478512944545","94.5805273057407","94.6591793791589","94.4785947343589","94.9450590866434","94.8068834345704","94.7000446731576","94.8537850357094","95.021455130008","94.9817029177643","95.1571631035911","95.3501259265893","95.5461170694826","95.5667708210072","95.9595301123869","95.8302819095078","96.3798655223884","96.4776142574438","96.4996709997327","96.5720384715488","96.4390364162682","96.9099577945191","97.1509053257643","97.0416994282643","97.2923827249024","97.264050872422","97.6449558410513","97.6500453915034","97.7827349245989","97.7613564357838","",
"Samoa","WSM","Access to electricity, urban (% of urban population)","EG.ELC.ACCS.UR.ZS","","","","","","","","","","","","","","","","","","","","","","","","","","","","","","","","97.0807113647461","97.2314147949219","97.3789596557617","97.5201797485352","97.6519317626953","97.7710342407227","97.8743515014648","97.9587020874023","98.0226287841797","98.1","98.1","98.2","98.2","98.2","98.3","98.6","98.5","98.2","99.7","98.9","98.7","99.2","99.4","99.4","99.6","99.7","99.7","99.8","99.9","100","100","100","100","100","",
"Kosovo","XKX","Access to electricity, urban (% of urban population)","EG.ELC.ACCS.UR.ZS","","","","","","","","","","","","","","","","","","","","","","","","","","","","","","","100","100","100","100","100","100","100","100","100","100","","","","","","","","","","","","","","","","","","","","","","","","","","",
"Yemen, Rep.","YEM","Access to electricity, urban (% of urban population)","EG.ELC.ACCS.UR.ZS","","","","","","","","","","","","","","","","","","","","","","","","","","","","","","","","","91.2","91.6290969848633","91.7269134521484","91.8152618408203","91.8909683227539","89.8","91.9918365478516","92.0123596191406","92","92","92","92","91.6","91","95","92.1","92.2","92.4","100","99.7","99.3","98.5","95.9","93.2","93","93","85","93.1","93.1","93.1","96.1","96.1","95","",
"South Africa","ZAF","Access to electricity, urban (% of urban population)","EG.ELC.ACCS.UR.ZS","","","","","","","","","","","","","","","","","","","","","","","","","","","","","","","","","","","","","85.2983245849609","85.4151077270508","84.2","85.5903244018555","85.6","85.7","85.7","87.7","85.7","85.8","85.9","86","86.1","86.3","86.4","86.5","86.7","86.8","86.9","87","87.1","87.2","87.2","87.3","87.3","87.4","87.1","96","92.4","",
"Zambia","ZMB","Access to electricity, urban (% of urban population)","EG.ELC.ACCS.UR.ZS","","","","","","","","","","","","","","","","","","","","","","","","","","","","","","","34.7","35.1093902587891","39.2","37.5866508483887","38.8173828125","40.0386352539063","44.1","42.440071105957","48","44.7673645019531","44.1","47","45.1","48","47.6","51.6","52.7","47.8","55.2","56.4","49.8","58.9","60.1","61.4","61.5","67.7","69.9","75.2","76.3","79.5","82.6","85.7","87","89.9","80.3","",
"Zimbabwe","ZWE","Access to electricity, urban (% of urban population)","EG.ELC.ACCS.UR.ZS","","","","","","","","","","","","","","","","","","","","","","","","","","","","","","","","","85.4796600341797","85.5194854736328","80.4","85.577018737793","85.5884094238281","85.5840072631836","85.5606384277344","87.4","85.4","85.3","85.3","85.2","85.2","85.1","91.4","85.2","85.2","90.9","85.3","83.2","85.4","85.5","83.4","81.2","85.5","85.5","85.4","85.4","85.7","85.3","89","84","85.1","",
