"Data Source","World Development Indicators",

"Last Updated Date","2026-07-13",

"Country Name","Country Code","Indicator Name","Indicator Code","1960","1961","1962","1963","1964","1965","1966","1967","1968","1969","1970","1971","1972","1973","1974","1975","1976","1977","1978","1979","1980","1981","1982","1983","1984","1985","1986","1987","1988","1989","1990","1991","1992","1993","1994","1995","1996","1997","1998","1999","2000","2001","2002","2003","2004","2005","2006","2007","2008","2009","2010","2011","2012","2013","2014","2015","2016","2017","2018","2019","2020","2021","2022","2023","2024","2025",
"Aruba","ABW","Access to electricity, rural (% of rural population)","EG.ELC.ACCS.RU.ZS","","","","","","","","","","","","","","","","","","","","","","","","","","","","","","","100","98.3737741616736","98.4282597493425","98.5017492013514","100","100","100","100","100","100","100","100","100","100","100","100","100","100","100","100","100","100","100","100","100","100","100","100","100","100","100","100","100","100","100","",
"Africa Eastern and Southern","AFE","Access to electricity, rural (% of rural population)","EG.ELC.ACCS.RU.ZS","","","","","","","","","","","","","","","","","","","","","","","","","","","","","","","","","","","","","","","","","8.67265346740584","","","9.79281078105236","10.890978601739","10.3364743315677","12.4200467691291","12.3649962952047","12.7984770262053","15.5388490446558","14.5888297250447","16.0566388916505","19.3999027957069","18.783057901428","17.6854545554196","16.4950640004064","24.5849063292052","25.3750374165444","26.9419836631142","28.9831827826011","30.9099909700969","32.7098365540535","33.9981786802343","35.2402362869802","36.0805715658078","",
"Afghanistan","AFG","Access to electricity, rural (% of rural population)","EG.ELC.ACCS.RU.ZS","","","","","","","","","","","","","","","","","","","","","","","","","","","","","","","","","","","","","","","","","","","","2.1","7.8","15.4","19.3","25","28","36.7","30.2","29.6","60.8","60.2","86.5","64.6","97.1","97.1","91.6","97.1","97.1","97.1","81.7","81.4","84.6","",
"Africa Western and Central","AFW","Access to electricity, rural (% of rural population)","EG.ELC.ACCS.RU.ZS","","","","","","","","","","","","","","","","","","","","","","","","","","","","","","","","","","","12.2025170105924","12.603049477231","12.3289308054837","14.8630465324447","14.0069022827679","17.5742082823367","16.4072895775673","15.8483361546833","15.3284926872354","20.6063188086791","16.837830273436","17.0824732888022","17.7298949290367","17.2245323879325","19.0487598558021","18.3638733180195","20.2935010525924","21.3822744119347","18.6042829933741","22.5600179748568","21.923251501434","22.4047505200123","26.7034051913366","22.9611442145573","28.0212582034382","26.25714327759","24.6897159445783","25.8117866418889","25.1882679024413","28.9574197737725","34.9534616228452","",
"Angola","AGO","Access to electricity, rural (% of rural population)","EG.ELC.ACCS.RU.ZS","","","","","","","","","","","","","","","","","","","","","","","","","","","","","","","","","","","","","","","","","3.5","9.5","2.8","2.3","1.7","1","0.7","","6.6","","","","","","","3.8","","","7.3","","","","","","1.3","",
"Albania","ALB","Access to electricity, rural (% of rural population)","EG.ELC.ACCS.RU.ZS","","","","","","","","","","","","","","","","","","","","","","","","","","","","","","","100","100","100","100","100","100","100","100","100","100","100","100","100","100","100","100","100","100","100","100","100","100","99.9","99.8","99.9","100","99.7","99.7","100","100","100","100","100","100","100","",
"Andorra","AND","Access to electricity, rural (% of rural population)","EG.ELC.ACCS.RU.ZS","","","","","","","","","","","","","","","","","","","","","","","","","","","","","","","100","100","100","100","100","100","100","100","100","100","100","100","100","100","100","100","100","100","100","100","100","100","100","100","100","100","100","100","100","100","100","100","100","100","100","",
"Arab World","ARB","Access to electricity, rural (% of rural population)","EG.ELC.ACCS.RU.ZS","","","","","","","","","","","","","","","","","","","","","","","","","","","","","","","","","53.9476123139029","56.0940476125189","57.3898305364461","57.1290656832336","59.4592969020564","60.3190638083941","61.7837599811474","62.7546325297948","68.6768838973541","70.3406380268113","69.9362893187361","71.7901607587703","68.0546300688439","69.7071371272561","73.3491420218384","70.1464897763457","69.9002851845606","70.8610333930192","74.5640278713902","74.8129321651712","73.8335245553146","79.6572800596119","78.2012267417848","78.978926685656","80.0046754436517","82.9401387076972","84.1869568996094","84.0353382124263","82.3523763177403","82.6857648582543","82.6239594636249","84.5524153017321","85.012232151515","",
"United Arab Emirates","ARE","Access to electricity, rural (% of rural population)","EG.ELC.ACCS.RU.ZS","","","","","","","","","","","","","","","","","","","","","","","","","","","","","","","100","100","100","100","100","100","100","100","100","100","100","100","100","100","100","100","100","100","100","100","100","100","100","100","100","100","100","100","100","100","100","100","100","100","100","",
"Argentina","ARG","Access to electricity, rural (% of rural population)","EG.ELC.ACCS.RU.ZS","","","","","","","","","","","","","","","","","","","","","","","","","","","","","","","78.8945883201315","79.2542709682829","79.7786350872369","80.3337006585459","80.9358863354632","81.608093422829","82.3698768370974","83.247062020095","84.2638406906497","85.4318646348945","91.8","88.6","92.6","92.9","93.2","93.4","93.6","93.8","94","94.2","98.6","97.8","96.1","95.4","100","97.6","99.3","100","99.9","100","100","100","100","100","79.8","",
"Armenia","ARM","Access to electricity, rural (% of rural population)","EG.ELC.ACCS.RU.ZS","","","","","","","","","","","","","","","","","","","","","","","","","","","","","","","","","","","","","","","","","98.5","100","95.8","98.9","98.9","99.6","98.9","98.9","98.9","99","100","99.3","99.2","99.4","99.8","100","99.8","99.5","99.9","100","100","100","100","100","100","",
"American Samoa","ASM","Access to electricity, rural (% of rural population)","EG.ELC.ACCS.RU.ZS","","","","","","","","","","","","","","","","","","","","","","","","","","","","","","","","","","","","","","","","","","","","","","","","","","","","","","","","","","","","","","","","","","",
"Antigua and Barbuda","ATG","Access to electricity, rural (% of rural population)","EG.ELC.ACCS.RU.ZS","","","","","","","","","","","","","","","","","","","","","","","","","","","","","","","93.4386347880213","93.7098652152215","94.0200279031483","94.3252592019729","94.624883549818","94.9178518936987","95.2032694015414","95.480255585198","95.7479582817867","96.0055251493441","96.6","96.7","100","97","97.1","100","100","100","100","98","98.2","92.7","100","100","100","100","100","100","100","100","100","100","100","100","100","",
"Australia","AUS","Access to electricity, rural (% of rural population)","EG.ELC.ACCS.RU.ZS","","","","","","","","","","","","","","","","","","","","","","","","","","","","","","","100","100","100","100","100","100","100","100","100","100","100","100","100","100","100","100","100","100","100","100","100","100","100","100","100","100","100","100","100","100","100","100","100","100","100","",
"Austria","AUT","Access to electricity, rural (% of rural population)","EG.ELC.ACCS.RU.ZS","","","","","","","","","","","","","","","","","","","","","","","","","","","","","","","100","100","100","100","100","100","100","100","100","100","100","100","100","100","100","100","100","100","100","100","100","100","100","100","100","100","100","100","100","100","100","100","100","100","100","",
"Azerbaijan","AZE","Access to electricity, rural (% of rural population)","EG.ELC.ACCS.RU.ZS","","","","","","","","","","","","","","","","","","","","","","","","","","","","","","","","","","","","","","","","","98.1","97.6","100","98.1","98.4","98.6","99.2","99.2","99.5","99.9","99.9","99.9","100","100","100","100","100","100","100","100","100","100","100","100","100","",
"Burundi","BDI","Access to electricity, rural (% of rural population)","EG.ELC.ACCS.RU.ZS","","","","","","","","","","","","","","","","","","","","","","","","","","","","","","","","","","","","","","","","","","","","","","","","","0.9","","","","","1","1","1.2","1.5","1.7","2","2","0.9","1.6","1.7","2.3","3.6","",
"Belgium","BEL","Access to electricity, rural (% of rural population)","EG.ELC.ACCS.RU.ZS","","","","","","","","","","","","","","","","","","","","","","","","","","","","","","","100","100","100","100","100","100","100","100","100","100","100","100","100","100","100","100","100","100","100","100","100","100","100","100","100","100","100","100","100","100","100","100","100","100","100","",
"Benin","BEN","Access to electricity, rural (% of rural population)","EG.ELC.ACCS.RU.ZS","","","","","","","","","","","","","","","","","","","","","","","","","","","","","","","","","","","","","2.77705783175004","2.95153386395072","3.77084155437861","4.59248706500119","5.4","4.4","6.8","7.4","7.9","8.5","7.9","9.7","10.3","10.9","10.6","13.6","14.6","13.4","16.2","11.1","15.2","17.2","16.3","16.9","17.4","18","45.5","43.7","45","",
"Burkina Faso","BFA","Access to electricity, rural (% of rural population)","EG.ELC.ACCS.RU.ZS","","","","","","","","","","","","","","","","","","","","","","","","","","","","","","","","","","2.11886320042586","1.35751354030041","1.6318759881764","1.89743050224686","2.07642889027307","2.17145348172265","","2.3","2.2","2.1","1.2","1.8","1.6","1.4","1.2","1.2","2.6","1.5","1.9","1.5","1","4.7","","","","","","","","3.4","2","12.7","",
"Bangladesh","BGD","Access to electricity, rural (% of rural population)","EG.ELC.ACCS.RU.ZS","","","","","","","","","","","","","","","","","","","","","","","","","","","","","","","","3.17101853037543","","","2.23884484895593","3.73433754799093","6.69330420934747","5.8814757415098","12.655072788125","15.6581285850542","16.8","21.5","24.3","27.1","27.9","30.2","40.2","32.5","41.7","44.7","40","45.7","53.8","48.6","48.1","63.8","66.1","81.6","81.3","88.9","95.2","98.5","99.2","99.6","99.6","",
"Bulgaria","BGR","Access to electricity, rural (% of rural population)","EG.ELC.ACCS.RU.ZS","","","","","","","","","","","","","","","","","","","","","","","","","","","","","","","100","100","100","100","100","100","100","100","100","100","77.8","78.6","79.5","80.3","81.2","82","82.9","83.8","84.7","85.6","86.6","87.5","88.4","89.4","90.7","92.3","94.2","96","97.4","98.4","99.4","99.5","99.6","100","100","",
"Bahrain","BHR","Access to electricity, rural (% of rural population)","EG.ELC.ACCS.RU.ZS","","","","","","","","","","","","","","","","","","","","","","","","","","","","","","","99.5058870618272","99.720605934921","99.8895235712849","99.9753465679592","99.9980282530873","100","100","100","100","100","100","100","100","100","100","100","100","100","100","100","100","100","100","100","100","100","100","100","100","100","100","100","100","100","100","",
"Bahamas, The","BHS","Access to electricity, rural (% of rural population)","EG.ELC.ACCS.RU.ZS","","","","","","","","","","","","","","","","","","","","","","","","","","","","","","","100","100","100","100","100","100","100","100","100","100","100","100","100","100","100","100","100","100","100","100","100","100","100","100","100","100","100","100","100","100","100","100","100","100","100","",
"Bosnia and Herzegovina","BIH","Access to electricity, rural (% of rural population)","EG.ELC.ACCS.RU.ZS","","","","","","","","","","","","","","","","","","","","","","","","","","","","","","","100","100","100","100","100","100","100","100","100","100","98.9","99.6","97.9","98.9","98.9","98.9","99.1","99.8","99","99","99.1","99.7","99.5","99.1","99.9","99.4","100","100","100","100","100","100","100","100","100","",
"Belarus","BLR","Access to electricity, rural (% of rural population)","EG.ELC.ACCS.RU.ZS","","","","","","","","","","","","","","","","","","","","","","","","","","","","","","","100","100","100","100","100","100","100","100","100","100","79.4","80.2","81","81.8","82.6","83.3","84.2","85","85.9","86.8","87.7","88.7","89.7","90.7","91.9","93.1","94.7","96.6","98.2","100","100","100","100","100","100","",
"Belize","BLZ","Access to electricity, rural (% of rural population)","EG.ELC.ACCS.RU.ZS","","","","","","","","","","","","","","","","","","","","","","","","","","","","","","","","42.7948402460806","52.5183056980487","54.2099504223872","55.8924997801879","57.5685157492391","59.237817457154","60.9026498452213","62.5630782103968","64.2206403979687","65.7","67.5","68.9","70.3","71.7","73.1","85.1","76","77.5","78.9","84.1","87.9","85.7","85.9","86.4","87.6","89.4","90.9","86.5","87.8","95.5","97.1","97.1","99.4","99.5","",
"Bermuda","BMU","Access to electricity, rural (% of rural population)","EG.ELC.ACCS.RU.ZS","","","","","","","","","","","","","","","","","","","","","","","","","","","","","","","100","100","100","100","100","100","100","100","100","100","100","100","100","100","100","100","100","100","100","100","100","100","100","100","100","100","100","100","100","100","100","100","100","100","100","",
"Bolivia","BOL","Access to electricity, rural (% of rural population)","EG.ELC.ACCS.RU.ZS","","","","","","","","","","","","","","","","","","","","","","","","","","","","","","","","","13.2145822115123","13.3725169498417","23.167928845758","20.2616960389374","32.9567614289426","24.2240372567879","32.6782770853407","28.3738518904785","28.2","28","22.5","35","40.3","29.5","41.6","46.5","57","63.3","66.4","66.6","72.2","68.5","70.3","74.3","74.9","74.8","77.6","84.9","90.9","95.1","95.6","99.6","88.7","",
"Brazil","BRA","Access to electricity, rural (% of rural population)","EG.ELC.ACCS.RU.ZS","","","","","","","","","","","","","","","","","","","","","","","","","","","","","","","58.9484320241383","68.1410230491832","62.0133014337249","64.3043978721134","69.5260303381059","67.946114285024","71.0417639637788","71.8385840283646","74.6887052208251","76.5073551123924","74.6","81.9","84.1","85.3","83.5","84.8","87.2","89.8","91.9","93.6","92.1","96.2","97.2","97.5","97.9","98.2","98.5","99.2","98.4","98.5","98.7","97.3","97.3","99","99.2","",
"Barbados","BRB","Access to electricity, rural (% of rural population)","EG.ELC.ACCS.RU.ZS","","","","","","","","","","","","","","","","","","","","","","","","","","","","","","","99.9748569516163","99.9895842514774","99.997928794984","100","100","100","100","100","100","100","100","100","100","100","100","99.9","100","100","100","100","100","100","100","100","100","100","100","100","100","100","100","100","100","100","100","",
"Brunei Darussalam","BRN","Access to electricity, rural (% of rural population)","EG.ELC.ACCS.RU.ZS","","","","","","","","","","","","","","","","","","","","","","","","","","","","","","","100","100","100","100","100","100","100","100","100","100","100","100","100","100","100","100","100","100","100","100","100","100","100","100","100","100","100","100","100","100","100","100","100","100","100","",
"Bhutan","BTN","Access to electricity, rural (% of rural population)","EG.ELC.ACCS.RU.ZS","","","","","","","","","","","","","","","","","","","","","","","","","","","","","","","","","","","","","","","","","8.8","19.8","23.9","18.5","32.5","43.2","42","58.9","52.3","57.7","59.4","72.1","86.9","80.3","86.4","92.6","99","96.8","99.9","100","100","100","100","100","100","",
"Botswana","BWA","Access to electricity, rural (% of rural population)","EG.ELC.ACCS.RU.ZS","","","","","","","","","","","","","","","","","","","","","","","","","","","","","","","","3.97363741103963","1.6322980392337","3.25835695727018","4.85342418017861","6.41893134310099","7.95553274362333","9.46555848682613","10.9490920946759","12.406704642078","12.1","10.4","6.4","16.4","17.9","19.3","20.7","21.3","21.6","16.2","25.2","25.2","25.3","25.9","26.8","26.5","28.8","31","29.1","27.9","26.2","25","25","25","45.9","",
"Central African Republic","CAF","Access to electricity, rural (% of rural population)","EG.ELC.ACCS.RU.ZS","","","","","","","","","","","","","","","","","","","","","","","","","","","","","","","","","","","","","","","","","","0.8","0.9","1","1.1","1.2","","1.4","4.7","1.7","","","0.5","0.7","0.8","1.3","1.7","2.1","2.2","1.5","1.9","1.6","1.6","2.3","2","",
"Canada","CAN","Access to electricity, rural (% of rural population)","EG.ELC.ACCS.RU.ZS","","","","","","","","","","","","","","","","","","","","","","","","","","","","","","","100","100","100","100","100","100","100","100","100","100","100","100","100","100","100","100","100","100","100","100","100","100","100","100","100","100","100","100","100","100","100","100","100","100","100","",
"Central Europe and the Baltics","CEB","Access to electricity, rural (% of rural population)","EG.ELC.ACCS.RU.ZS","","","","","","","","","","","","","","","","","","","","","","","","","","","","","","","100","100","100","100","100","100","100","100","100","100","96.9537057545376","97.1350517893597","97.3074782748284","97.453806279524","97.5723471243689","97.702878109098","97.8467319897374","97.9955155765876","98.120850576668","98.3019756639807","98.3450932473221","98.4862516599788","98.6372303202541","98.8011535477657","98.9876802276074","99.2089702210293","99.3981053985891","99.8144144650703","99.8584255600759","99.9285931074052","99.9730014660622","99.9774927825064","99.9821559511767","100","100","",
"Switzerland","CHE","Access to electricity, rural (% of rural population)","EG.ELC.ACCS.RU.ZS","","","","","","","","","","","","","","","","","","","","","","","","","","","","","","","100","100","100","100","100","100","100","100","100","100","100","100","100","100","100","100","100","100","100","100","100","100","100","100","100","100","100","100","100","100","100","100","100","100","100","",
"Channel Islands","CHI","Access to electricity, rural (% of rural population)","EG.ELC.ACCS.RU.ZS","","","","","","","","","","","","","","","","","","","","","","","","","","","","","","","100","100","100","100","100","100","100","100","100","100","100","100","100","100","100","100","100","100","100","100","100","100","100","100","100","100","100","100","100","100","100","100","100","100","100","",
"Chile","CHL","Access to electricity, rural (% of rural population)","EG.ELC.ACCS.RU.ZS","","","","","","","","","","","","","","","","","","","","","","","","","","","","","","","59.458310297133","72.6529187893954","71.4397443359869","74.0618441426621","74.7053747121922","75.4195550331526","74.1794729751692","77.1353797964394","82.9624556298822","79.3576862813837","86.5","82.2","83.1","92.8","85.3","86.4","96.4","88.5","89.6","97.7","98.3","97.8","100","100","100","100","100","100","100","100","100","100","100","100","90.7","",
"China","CHN","Access to electricity, rural (% of rural population)","EG.ELC.ACCS.RU.ZS","","","","","","","","","","","","","","","","","","","","","","","","","","","","","","","","","","","","","","","","","94.9","95.4","95.7","96","96.3","96.6","96.9","97.3","97.8","98.3","99.4","99.8","99.9","100","100","100","100","100","100","100","100","100","100","100","100","",
"Cote d'Ivoire","CIV","Access to electricity, rural (% of rural population)","EG.ELC.ACCS.RU.ZS","","","","","","","","","","","","","","","","","","","","","","","","","","","","","","","","","","","13.5857437129987","19.275963754443","20.160078805271","21.0525576857507","21.9540068337895","20.0588223798653","23.8","24.6","26.8","26.1","26.9","36.2","34.1","29.3","35.6","31","31.9","26.3","25.8","34.5","34.3","39.2","36.7","38.4","40.4","42.1","43.7","45.2","45.3","48","47.7","",
"Cameroon","CMR","Access to electricity, rural (% of rural population)","EG.ELC.ACCS.RU.ZS","","","","","","","","","","","","","","","","","","","","","","","","","","","","","","","","6.1105153508515","6.91980883714873","7.62056580760999","8.31513645719024","9.00685322398649","9.69598041803811","10.3874733739792","10.1794693504608","11.7755709034738","9.2","13.9","13.8","14.3","19.5","15.4","25.8","6.4","17.1","17.7","16.1","16.8","18.3","19.5","18.8","21.2","21.8","22.4","26.3","23.6","24.2","24.8","25","26","42.7","",
"Congo, Dem. Rep.","COD","Access to electricity, rural (% of rural population)","EG.ELC.ACCS.RU.ZS","","","","","","","","","","","","","","","","","","","","","","","","","","","","","","","","","","","","","","","","","","","","","","","","1.8","","","","","","","","1","1","1","1","1","1","1","1","1","1","",
"Congo, Rep.","COG","Access to electricity, rural (% of rural population)","EG.ELC.ACCS.RU.ZS","","","","","","","","","","","","","","","","","","","","","","","","","","","","","","","","","","","","","","","","","5.6","6","6.4","6.8","7.2","7.2","7.9","8.2","8.6","9.2","10.7","10.5","10.6","10.4","10.7","11.1","11.6","11.8","11.8","11.4","11.8","12.4","13","10.8","19.4","",
"Colombia","COL","Access to electricity, rural (% of rural population)","EG.ELC.ACCS.RU.ZS","","","","","","","","","","","","","","","","","","","","","","","","","","","","","","","71.6868212385103","75.8471989516553","76.2502108157522","76.6736722365437","77.1223700801977","70.8543232552035","78.1224689864064","78.6912050074421","79.3153664125412","80.0003604805767","83.3","94.3","82.1","82.7","83.2","88.9","84.4","85","87","83.8","86.2","85.5","87.1","90.1","89.9","91.8","92.8","92.7","92.6","97.1","98.5","100","100","94.8","95.2","",
"Comoros","COM","Access to electricity, rural (% of rural population)","EG.ELC.ACCS.RU.ZS","","","","","","","","","","","","","","","","","","","","","","","","","","","","","","","","","","","","","19.8805397711065","22.4304393678463","25.0082204275858","27.5858429848953","30.2","32.7","33.2","37.6","40.1","42.5","45","47.5","50","52.5","63.7","63.3","63.1","62.5","65","67.6","70.1","72.6","75.1","77.6","80.1","82.9","85.7","86.1","88.2","",
"Cabo Verde","CPV","Access to electricity, rural (% of rural population)","EG.ELC.ACCS.RU.ZS","","","","","","","","","","","","","","","","","","","","","","","","","","","","","","","","","","","","","","","","","31.8","33.9","30.7","38.3","40.6","42.5","45.4","48","50.6","53.4","65.7","67.8","69.5","71.5","73.8","76.2","78.8","81.2","84.6","87.3","92.7","96.9","97.4","96.9","97.7","",
"Costa Rica","CRI","Access to electricity, rural (% of rural population)","EG.ELC.ACCS.RU.ZS","","","","","","","","","","","","","","","","","","","","","","","","","","","","","","","","","","","","","","","","","92.8","95.8","96.3","96.7","97.3","97.4","97.6","97.7","97.8","98.2","97.1","97.3","98.1","98.4","98.3","97.7","98.5","98.9","98.9","98.9","99.7","100","100","100","99.4","",
"Caribbean small states","CSS","Access to electricity, rural (% of rural population)","EG.ELC.ACCS.RU.ZS","","","","","","","","","","","","","","","","","","","","","","","","","","","","","","","","","","","","","","","","","79.2612344864954","83.7313044685271","84.1386456060785","84.6862899514409","85.2778594008446","85.2548395703419","87.2216153141107","88.7178200516481","89.2210841888696","88.5732148906787","90.4720039944392","91.8988295334471","92.2644048021551","92.7199502890846","93.1091878064692","93.7048635048103","94.4114484953541","95.0446620525966","94.9941451103202","95.438487141123","96.567767670708","97.0067446373364","97.1513862838627","96.8979892211912","97.0071877591993","",
"Cuba","CUB","Access to electricity, rural (% of rural population)","EG.ELC.ACCS.RU.ZS","","","","","","","","","","","","","","","","","","","","","","","","","","","","","","","","","","","","","","","","","87.8","85.3","82.4","86.5","87.1","87.7","88.4","89","89.7","90.4","91.1","91.8","92.7","93.6","94.5","95.5","96.4","97.4","98.3","99.5","99.7","100","100","100","100","",
"Curacao","CUW","Access to electricity, rural (% of rural population)","EG.ELC.ACCS.RU.ZS","","","","","","","","","","","","","","","","","","","","","","","","","","","","","","","100","100","100","100","100","100","100","100","100","100","100","100","100","100","100","100","100","100","100","100","100","100","100","100","100","100","100","100","100","100","100","100","100","100","100","",
"Cayman Islands","CYM","Access to electricity, rural (% of rural population)","EG.ELC.ACCS.RU.ZS","","","","","","","","","","","","","","","","","","","","","","","","","","","","","","","","","","100","100","100","100","100","100","100","100","100","100","100","100","100","100","100","100","100","100","100","100","100","100","100","100","100","100","100","100","100","100","100","100","",
"Cyprus","CYP","Access to electricity, rural (% of rural population)","EG.ELC.ACCS.RU.ZS","","","","","","","","","","","","","","","","","","","","","","","","","","","","","","","100","100","100","100","100","100","100","100","100","100","100","100","100","100","100","100","100","100","100","100","100","100","100","100","100","100","100","100","100","100","100","100","100","100","100","",
"Czechia","CZE","Access to electricity, rural (% of rural population)","EG.ELC.ACCS.RU.ZS","","","","","","","","","","","","","","","","","","","","","","","","","","","","","","","100","100","100","100","100","100","100","100","100","100","100","100","100","100","100","100","100","100","100","100","100","100","100","100","100","100","100","100","100","100","100","100","100","100","100","",
"Germany","DEU","Access to electricity, rural (% of rural population)","EG.ELC.ACCS.RU.ZS","","","","","","","","","","","","","","","","","","","","","","","","","","","","","","","100","100","100","100","100","100","100","100","100","100","100","100","100","100","100","100","100","100","100","100","100","100","100","100","100","100","100","100","100","100","100","100","100","100","100","",
"Djibouti","DJI","Access to electricity, rural (% of rural population)","EG.ELC.ACCS.RU.ZS","","","","","","","","","","","","","","","","","","","","","","","","","","","","","","","","","","","","","89.268173606928","62.7042268640208","60.4289018318999","58.1876277844207","54","52.5","26.1","49.2","47.6","45.9","32.6","42.6","40.9","39.2","37.5","35.8","22.1","32.5","30.8","29.1","29.5","","33.6","40.3","35.8","36.6","37.3","37","53.9","",
"Dominica","DMA","Access to electricity, rural (% of rural population)","EG.ELC.ACCS.RU.ZS","","","","","","","","","","","","","","","","","","","","","","","","","","","","","","","","","","","","","","","","","","","","","","","","","","","","","","","","","","","","","100","100","100","100","100","",
"Denmark","DNK","Access to electricity, rural (% of rural population)","EG.ELC.ACCS.RU.ZS","","","","","","","","","","","","","","","","","","","","","","","","","","","","","","","100","100","100","100","100","100","100","100","100","100","100","100","100","100","100","100","100","100","100","100","100","100","100","100","100","100","100","100","100","100","100","100","100","100","100","",
"Dominican Republic","DOM","Access to electricity, rural (% of rural population)","EG.ELC.ACCS.RU.ZS","","","","","","","","","","","","","","","","","","","","","","","","","","","","","","","","55.3791751943256","66.3219813549619","67.592182917775","68.6034279252264","69.5674669507159","70.5748081215487","71.6346810345649","72.7515574291616","78.6783272433862","76.2","77.8","77.8","78.5","80.2","79.7","80.7","90.5","92.6","92.9","93.6","92.5","92.3","93.4","93.6","93.9","95","100","95.9","96.3","100","94.8","94.5","98.2","98.7","",
"Algeria","DZA","Access to electricity, rural (% of rural population)","EG.ELC.ACCS.RU.ZS","","","","","","","","","","","","","","","","","","","","","","","","","","","","","","","","","","","","","","","","","97.4","97.4","97.4","97.4","97.4","97.4","97.4","97.4","97.9","97.4","97.5","97.6","97.7","97.8","97.9","98.1","98.3","98.6","98.9","98.7","99.1","99.3","99.3","100","100","",
"East Asia & Pacific (excluding high income)","EAP","Access to electricity, rural (% of rural population)","EG.ELC.ACCS.RU.ZS","","","","","","","","","","","","","","","","","","","","","","","","","","","","","","","","","","","","","","","","","87.0095679529844","88.5615703484645","88.2742123248627","88.2288065568509","89.7105433220855","88.7541253459087","90.4703466046226","90.1272912081684","91.0740114360105","91.8975521862587","92.8294640719375","93.5375688702998","93.8602717044382","94.1619729569257","94.3585630194522","94.8313965483757","94.7577431203031","96.1867147819354","95.915946694551","96.2604087934785","95.9050907280973","96.666973648904","96.4263141582525","97.1237319410935","97.2418580798811","",
"Early-demographic dividend","EAR","Access to electricity, rural (% of rural population)","EG.ELC.ACCS.RU.ZS","","","","","","","","","","","","","","","","","","","","","","","","","","","","","","","","","","42.0785858741447","38.2750422351492","40.451197221952","42.6580081432627","45.4849470071056","47.9537688825242","51.5592668658041","52.2194519497034","55.8947330355389","56.502411771151","56.3681108471341","56.5523776081513","58.752437505805","59.957697215169","62.6925957964923","65.156707962028","65.6929946398813","67.6494468298378","70.0709446378541","71.1141793498436","73.88625796282","75.0023199334948","78.5302662159486","80.9744281576672","84.2185624227969","87.3803464409005","87.9432261407286","89.6755196205372","92.5019613460011","92.4353397866542","92.9490895935386","93.3906038348416","",
"East Asia & Pacific","EAS","Access to electricity, rural (% of rural population)","EG.ELC.ACCS.RU.ZS","","","","","","","","","","","","","","","","","","","","","","","","","","","","","","","","","","","","","","","","","87.4539008160558","88.9529684867046","88.6581479017233","88.593973653782","90.0097062240451","89.0636255082789","90.7228546546847","90.3801964893211","91.2945672905752","92.0929651975354","92.9998451573252","93.6943522994353","94.0103697008125","94.3064568133398","94.5000654650302","94.9635246387196","94.8943266038522","96.2879091391782","96.0266827221939","96.3636875772694","96.0197384213259","96.7616895312014","96.5281950900357","97.2059622752866","97.3209597404021","",
"Europe & Central Asia (excluding high income)","ECA","Access to electricity, rural (% of rural population)","EG.ELC.ACCS.RU.ZS","","","","","","","","","","","","","","","","","","","","","","","","","","","","","","","","","","","","","","","","","98.5915126440656","98.7165411248273","98.8817794930064","98.9282652816396","98.9029748334768","99.0717393121126","99.0421409730213","99.1589096609403","99.1613655610394","99.2737369082026","99.3276706261971","99.3107047089789","99.4389717007549","99.4983358315164","99.5784685013249","99.4976163790956","99.7391410909961","99.8158426823941","99.8871970654847","99.9439270436675","99.9658522682246","99.9148386746451","99.9768890498355","100","99.9900603583161","",
"Europe & Central Asia","ECS","Access to electricity, rural (% of rural population)","EG.ELC.ACCS.RU.ZS","","","","","","","","","","","","","","","","","","","","","","","","","","","","","","","100","100","100","100","100","99.9964155132249","99.9054967869392","99.8929431456151","99.8999251370127","99.6968650572667","98.4731794376104","98.5898142921817","98.7052990935777","98.7753881317122","98.8140772086317","98.9214777923951","98.9642428259488","99.0582382893742","99.1092280127879","99.2043996715007","99.5183331913936","99.4761041779522","99.6010442811788","99.647479272746","99.70430447534","99.2019099635586","99.8209808558944","99.9113999824254","99.9410833989655","99.9704740510635","99.9846018922497","99.9686362230064","99.989632553421","100","99.9967547942951","",
"Ecuador","ECU","Access to electricity, rural (% of rural population)","EG.ELC.ACCS.RU.ZS","","","","","","","","","","","","","","","","","","","","","","","","","","","","","","","","","","","","78.7812102797041","82.2685808803064","82.9032028809834","82.6779017309948","83.8229203264367","85.4","85.9","86.5","88.1","87.8","89.6","91.1","92.2","93.3","92.3","93.7","91.9","93.1","95.4","97.5","97","96.8","97.8","96.9","97.8","97.4","100","100","95.5","95.9","",
"Egypt, Arab Rep.","EGY","Access to electricity, rural (% of rural population)","EG.ELC.ACCS.RU.ZS","","","","","","","","","","","","","","","","","","","","","","","","","","","","","","","","","89.5953228671999","92.6236206211839","93.02430012564","92.8796209406177","93.832819784783","94.2331649749959","94.6345349208017","95.0432943655748","96.4","95.9","96.2","98.1","96.4","99.1","98.8","97.7","99.7","98.4","99.1","99.2","99.8","99.9","99.7","99.4","100","100","100","100","100","100","100","100","100","",
"Euro area","EMU","Access to electricity, rural (% of rural population)","EG.ELC.ACCS.RU.ZS","","","","","","","","","","","","","","","","","","","","","","","","","","","","","","","100","100","100","100","100","100","100","100","100","100","99.3498159172055","99.3991020565963","99.4402536558761","99.4708626020337","99.500836983348","99.526444613511","99.5577440550069","99.5864141841682","99.6130701204449","99.6429258204806","99.6728187415015","99.7026124958183","99.7306017889984","99.7586220022634","99.7904211485209","99.8277165588284","99.8711406902173","99.9126808921745","99.9441675461269","99.9661070043019","99.9871856737452","99.9893564088667","99.991560489863","100","100","",
"Eritrea","ERI","Access to electricity, rural (% of rural population)","EG.ELC.ACCS.RU.ZS","","","","","","","","","","","","","","","","","","","","","","","","","","","","","","","","","","","","6.13491533481697","7.98567208919314","8.7639936271852","9.54488908763459","10.3321187225537","11.2","11.9","14","13.3","14.1","14.8","15.6","16.4","17.2","18.5","19.8","21.1","22.4","23.8","25.1","26.6","28","29.5","31","32.5","34.1","35.7","36","37.1","43.2","",
"Spain","ESP","Access to electricity, rural (% of rural population)","EG.ELC.ACCS.RU.ZS","","","","","","","","","","","","","","","","","","","","","","","","","","","","","","","100","100","100","100","100","100","100","100","100","100","100","100","100","100","100","100","100","100","100","100","100","100","100","100","100","100","100","100","100","100","100","100","100","100","100","",
"Estonia","EST","Access to electricity, rural (% of rural population)","EG.ELC.ACCS.RU.ZS","","","","","","","","","","","","","","","","","","","","","","","","","","","","","","","100","100","100","100","100","100","100","100","100","100","100","100","100","100","100","100","100","100","100","100","100","100","100","100","100","100","100","100","100","100","100","100","100","100","100","",
"Ethiopia","ETH","Access to electricity, rural (% of rural population)","EG.ELC.ACCS.RU.ZS","","","","","","","","","","","","","","","","","","","","","","","","","","","","","","","","","","","","","","","","","1.7","","","1.4","3.1","0.6","6.5","8.2","9.7","11.3","12.9","9.6","16.1","17.8","12","15.5","32.4","31","32.5","36","39.4","42.8","43","43.6","44.8","",
"European Union","EUU","Access to electricity, rural (% of rural population)","EG.ELC.ACCS.RU.ZS","","","","","","","","","","","","","","","","","","","","","","","","","","","","","","","100","100","100","100","100","100","100","100","100","100","98.9582068768315","99.0227567384289","99.0848868377762","99.1357759394714","99.1773337968255","99.2236879520283","99.2740836337368","99.326039957695","99.3713293768041","99.4323083567696","99.4473790616857","99.4932350855689","99.5428086030107","99.5965864116481","99.6586269632957","99.7328311993417","99.795713499788","99.936986264584","99.9518065353052","99.9756217005168","99.9907808849771","99.9923346260063","99.9939225982505","100","100","",
"Finland","FIN","Access to electricity, rural (% of rural population)","EG.ELC.ACCS.RU.ZS","","","","","","","","","","","","","","","","","","","","","","","","","","","","","","","100","100","100","100","100","100","100","100","100","100","100","100","100","100","100","100","100","100","100","100","100","100","100","100","100","100","100","100","100","100","100","100","100","100","100","",
"Fiji","FJI","Access to electricity, rural (% of rural population)","EG.ELC.ACCS.RU.ZS","","","","","","","","","","","","","","","","","","","","","","","","","","","","","","","","","","","","","47.3595584519019","55.7225080826685","57.5456362865205","59.3976898432416","62.2","63.7","67.8","68.4","68.1","69.7","71.2","83.6","75.4","76.1","87.4","87.5","87.5","85.4","88.2","88.8","89.3","95.1","92.7","94.8","96.9","86.8","86.8","98.3","92.5","",
"France","FRA","Access to electricity, rural (% of rural population)","EG.ELC.ACCS.RU.ZS","","","","","","","","","","","","","","","","","","","","","","","","","","","","","","","100","100","100","100","100","100","100","100","100","100","100","100","100","100","100","100","100","100","100","100","100","100","100","100","100","100","100","100","100","100","100","100","100","100","100","",
"Faroe Islands","FRO","Access to electricity, rural (% of rural population)","EG.ELC.ACCS.RU.ZS","","","","","","","","","","","","","","","","","","","","","","","","","","","","","","","100","100","100","100","100","100","100","100","100","100","100","100","100","100","100","100","100","100","100","100","100","100","100","100","100","100","100","100","100","100","100","100","100","100","100","",
"Micronesia, Fed. Sts.","FSM","Access to electricity, rural (% of rural population)","EG.ELC.ACCS.RU.ZS","","","","","","","","","","","","","","","","","","","","","","","","","","","","","","","","","","","","","","","","","39.1","41.6","43.4","45.3","47.1","48.9","50.8","52.7","54.6","56.5","58.8","60.7","62.5","64.2","66.1","68","69.9","71.8","73.7","75.6","77.5","79.4","79.6","83.7","86","",
"Gabon","GAB","Access to electricity, rural (% of rural population)","EG.ELC.ACCS.RU.ZS","","","","","","","","","","","","","","","","","","","","","","","","","","","","","","","","","","","","","","","","","11.6","21.5","21","20.6","20.1","27.1","19.2","18.7","18.3","17.9","50","42.4","32.3","32.8","19.8","18.1","18.9","","21.3","22.8","24.7","26.8","29","29","51.3","",
"United Kingdom","GBR","Access to electricity, rural (% of rural population)","EG.ELC.ACCS.RU.ZS","","","","","","","","","","","","","","","","","","","","","","","","","","","","","","","100","100","100","100","100","100","100","100","100","100","100","100","100","100","100","100","100","100","100","100","100","100","100","100","100","100","100","100","100","100","100","100","100","100","100","",
"Georgia","GEO","Access to electricity, rural (% of rural population)","EG.ELC.ACCS.RU.ZS","","","","","","","","","","","","","","","","","","","","","","","","","","","","","","","","","","","","","","","","","99.7","99.7","99.8","100","99.9","97.5","100","100","100","100","100","100","100","100","100","100","100","100","100","100","100","100","100","100","100","",
"Ghana","GHA","Access to electricity, rural (% of rural population)","EG.ELC.ACCS.RU.ZS","","","","","","","","","","","","","","","","","","","","","","","","","","","","","","","","","","2.88737399274898","1.58188327755997","3.69449260642638","5.84076189699466","8.02875403552628","13.2811809712728","12.5339851120814","14.9","17.4","19.8","24","24.7","7.9","31.4","32.4","36.8","37.9","55.4","42","23.6","50.8","64","57","66.6","65.3","68.3","70","73.1","74","71.6","77.8","82.6","",
"Gibraltar","GIB","Access to electricity, rural (% of rural population)","EG.ELC.ACCS.RU.ZS","","","","","","","","","","","","","","","","","","","","","","","","","","","","","","","100","100","100","100","100","100","100","100","100","100","","","","","","","","","","100","100","","","","","100","100","100","100","100","100","100","100","100","100","",
"Guinea","GIN","Access to electricity, rural (% of rural population)","EG.ELC.ACCS.RU.ZS","","","","","","","","","","","","","","","","","","","","","","","","","","","","","","","","","","","","","","","","","","","","","","","2.2","3.1","4","5","5.9","6.8","1.2","8.6","9.5","10.4","6.7","8.6","21.4","17","19.3","21.3","21.3","25.7","29.4","",
"Gambia, The","GMB","Access to electricity, rural (% of rural population)","EG.ELC.ACCS.RU.ZS","","","","","","","","","","","","","","","","","","","","","","","","","","","","","","","","","","2.62274541955752","1.86518880500333","3.01920422809117","4.16136700862084","5.29642095876161","6.42344523654364","7.54491064269973","18.8","9.8","10.8","1","13","4.5","15.3","16.5","17.7","18.8","24.3","25.1","25.9","30.3","27.8","28.9","30","20.5","","","31","31.2","31.5","35.3","39.2","",
"Guinea-Bissau","GNB","Access to electricity, rural (% of rural population)","EG.ELC.ACCS.RU.ZS","","","","","","","","","","","","","","","","","","","","","","","","","","","","","","","","","","","","","","","","","","","","","","","2.1","","","","2.1","4","6","8","5.8","8.9","10.5","12.5","13.3","14.3","15.1","15.8","17","20.7","24.9","",
"Equatorial Guinea","GNQ","Access to electricity, rural (% of rural population)","EG.ELC.ACCS.RU.ZS","","","","","","","","","","","","","","","","","","","","","","","","","","","","","","","","","","","","","","","","","36.2","34.5","32.6","30.6","28.6","26.3","24","21.5","18.9","16.2","13.8","10.1","6.8","6.2","5.5","4.8","4.1","3.5","2.9","2.4","1.8","1.4","1.4","2.4","5.1","",
"Greece","GRC","Access to electricity, rural (% of rural population)","EG.ELC.ACCS.RU.ZS","","","","","","","","","","","","","","","","","","","","","","","","","","","","","","","100","100","100","100","100","100","100","100","100","100","100","100","100","100","100","100","100","100","100","100","100","100","100","100","100","100","100","100","100","100","100","100","100","100","100","",
"Grenada","GRD","Access to electricity, rural (% of rural population)","EG.ELC.ACCS.RU.ZS","","","","","","","","","","","","","","","","","","","","","","","","","","","","","","","","","","","","","","","","","","","","","","","","","","","","","","","","","","","","","","","","","","",
"Greenland","GRL","Access to electricity, rural (% of rural population)","EG.ELC.ACCS.RU.ZS","","","","","","","","","","","","","","","","","","","","","","","","","","","","","","","100","100","100","100","100","100","100","100","100","100","100","100","100","100","100","100","100","100","100","100","100","100","100","100","100","100","100","100","100","100","100","100","100","100","100","",
"Guatemala","GTM","Access to electricity, rural (% of rural population)","EG.ELC.ACCS.RU.ZS","","","","","","","","","","","","","","","","","","","","","","","","","","","","","","","","","","","","39.0295528857567","48.3405077897122","50.0959800122391","51.8763756005667","54.2124597976938","55","57.3","64.1","63.4","62.7","64.5","74.2","68.3","70.2","72.2","74.2","74","78.3","80.4","76.7","84.6","86.8","89.6","91.2","93.5","95.8","98.1","98.2","100","80.4","",
"Guam","GUM","Access to electricity, rural (% of rural population)","EG.ELC.ACCS.RU.ZS","","","","","","","","","","","","","","","","","","","","","","","","","","","","","","","99.6282361960431","99.4434691861363","99.3294353827514","99.381669431548","99.5918937840433","100","100","100","100","100","100","100","100","100","100","100","100","100","100","100","100","100","100","100","100","100","100","100","100","100","100","100","100","100","100","",
"Guyana","GUY","Access to electricity, rural (% of rural population)","EG.ELC.ACCS.RU.ZS","","","","","","","","","","","","","","","","","","","","","","","","","","","","","","","","","","64.9033801184598","64.3142044977425","65.1576011212601","66.0007009233709","66.8438503028856","67.6870409508764","68.5302353591329","69.5","70.3","71","71.8","72.5","75.9","69.9","74.9","75.7","72.7","80.1","81.1","82.1","83.1","84.2","85.5","86.7","87.9","88.9","89.8","90.5","91.2","91.6","91.6","90.5","",
"High income","HIC","Access to electricity, rural (% of rural population)","EG.ELC.ACCS.RU.ZS","","","","","","","","","","","","","","","","","","","","","","","","","","","","","","","99.4607471456668","99.5783805501361","99.5464650590557","99.5059549351443","99.5133906160803","99.5267046728194","99.5108998309365","99.5503934155161","99.6004769692674","99.5822579168724","98.6188330723337","98.6946729919876","98.7580488562253","98.9327589334204","98.8659291273395","98.9172425351203","99.0602025369125","99.0612983106853","99.1217678981184","99.2431546722262","99.5278573659081","99.5134075463718","99.6237271795046","99.6493816850138","99.6928993062135","99.2750002053567","99.7719962807195","99.9445375973567","99.9519178604823","99.9633743776461","99.8984099636292","99.9776226148425","99.9791266513756","99.9257696945559","99.8594311730686","",
"Hong Kong SAR, China","HKG","Access to electricity, rural (% of rural population)","EG.ELC.ACCS.RU.ZS","","","","","","","","","","","","","","","","","","","","","","","","","","","","","","","100","100","100","100","100","100","100","100","100","100","100","100","100","100","100","100","100","100","100","100","100","100","100","100","100","100","100","100","100","100","100","100","100","100","100","",
"Honduras","HND","Access to electricity, rural (% of rural population)","EG.ELC.ACCS.RU.ZS","","","","","","","","","","","","","","","","","","","","","","","","","","","","","","","","31.2570870460106","37.0125021152347","38.7171023685949","44.5228630369777","45.6955373106862","36.9510071695643","41.0592206357759","43.5103458927238","44.5922063902676","44.9","38.3","37","38.8","40.6","43.3","46.4","49.6","54.3","57.6","61.8","63.4","66.7","73.4","76.5","79","82.1","71.8","81.9","80.3","83.4","85.7","86.8","88.8","90.1","",
"Heavily indebted poor countries (HIPC)","HPC","Access to electricity, rural (% of rural population)","EG.ELC.ACCS.RU.ZS","","","","","","","","","","","","","","","","","","","","","","","","","","","","","","","","","","","","","","","","","","","","7.22754448346314","7.84482888197809","7.53274299560256","10.2795763926716","9.88000448662132","11.2104033557666","14.1011968480167","14.9044088767711","13.6920852756242","17.0976670901715","17.7705883428194","19.6332285594586","17.7053028133061","25.6746581572935","26.1293774092322","27.7234365866889","28.8244504732623","29.3541270753589","30.889383779111","30.5698718768694","31.7595404367757","37.6891708317074","",
"Croatia","HRV","Access to electricity, rural (% of rural population)","EG.ELC.ACCS.RU.ZS","","","","","","","","","","","","","","","","","","","","","","","","","","","","","","","100","100","100","100","100","100","100","100","100","100","100","100","100","100","100","100","100","100","100","100","100","100","100","100","100","100","100","100","100","100","100","100","100","100","100","",
"Haiti","HTI","Access to electricity, rural (% of rural population)","EG.ELC.ACCS.RU.ZS","","","","","","","","","","","","","","","","","","","","","","","","","","","","","","","","","","","","9.4476278160484","10.717952482281","10.9390037410847","11.1604712538556","11.3816629860619","7.1","13.2","9.9","18.7","8.5","8.3","6.8","7.7","7.4","7.1","6.7","6","3.9","3.3","2.2","2.2","","2.1","1.8","1.2","","","","2.9","15","",
"Hungary","HUN","Access to electricity, rural (% of rural population)","EG.ELC.ACCS.RU.ZS","","","","","","","","","","","","","","","","","","","","","","","","","","","","","","","100","100","100","100","100","100","100","100","100","100","100","100","100","100","100","100","100","100","100","100","100","100","99.9","100","100","100","100","100","100","100","100","100","100","100","100","",
"IBRD only","IBD","Access to electricity, rural (% of rural population)","EG.ELC.ACCS.RU.ZS","","","","","","","","","","","","","","","","","","","","","","","","","","","","","","","","","","","","","","","","","75.13480227647","76.2075440993732","76.4416922760946","77.7238345835608","77.7993389574338","79.4027123786552","79.6312575082242","81.8534187854812","82.8718992161406","83.5010640865654","85.2027028193764","86.8175118376147","87.0092030202125","88.842893142045","90.0143652167781","91.1532868380512","92.4933706882817","93.9833086168185","95.9302364109512","96.4399803810137","97.1084901733352","99.2073269083509","98.995522633428","99.1962205969677","98.6177116846419","",
"IDA & IBRD total","IBT","Access to electricity, rural (% of rural population)","EG.ELC.ACCS.RU.ZS","","","","","","","","","","","","","","","","","","","","","","","","","","","","","","","","","","","","","","","","","63.9483234498759","65.9271921068993","66.187198600659","65.0386274056172","64.7625141171387","66.2014483747308","66.9286184059935","67.018084093194","68.9156068654496","70.5390184933987","71.2456537520088","72.4684619636763","73.1661388216042","74.3235340847094","74.5396575636303","75.0486014669856","77.7739214437624","79.5749977985785","80.7333592378611","81.4512061311095","81.812786820815","83.4501565075099","82.9563300446787","83.3866144445663","83.9067071854987","",
"IDA total","IDA","Access to electricity, rural (% of rural population)","EG.ELC.ACCS.RU.ZS","","","","","","","","","","","","","","","","","","","","","","","","","","","","","","","","","","","","","","","","","26.020508245878","29.1496243562258","30.5290268395724","28.1128680659076","27.6190793977345","28.8700590573966","31.8560472336216","29.5369560483246","32.6920004882948","35.6057427687912","35.2972968886534","36.9768551650097","39.2524352456944","39.9568627795413","39.3797436722542","40.2479214573689","45.9923678384661","48.7692226438817","49.0536355548708","50.8099320268944","51.5874324008419","52.9966565963629","53.1860863363786","54.6266185152357","57.3989331831117","",
"IDA blend","IDB","Access to electricity, rural (% of rural population)","EG.ELC.ACCS.RU.ZS","","","","","","","","","","","","","","","","","","","","","","","","","","","","","","","","","","","","","","","39.2443779927615","40.5278930509344","40.2294490562314","41.3182654242053","42.2647614613508","45.6771786568537","44.3696601859318","45.6005032556417","46.7700828085766","47.4997425392877","49.1793270854738","48.6894318959113","51.1573823190451","55.1309764793267","54.9703040667656","57.0867863576231","55.5520968494263","56.4932157368537","60.5837384844247","58.7978008172553","62.353399527024","62.5363776232081","63.1492397824999","64.3989022960687","65.2728026758115","67.3251152896265","66.6756198482142","",
"Indonesia","IDN","Access to electricity, rural (% of rural population)","EG.ELC.ACCS.RU.ZS","","","","","","","","","","","","","","","","","","","","","","","","","","","","","","","","31.0102974111406","53.9080861122565","36.0552411207731","45.7272995529469","51.5194961892481","59.3538893436862","69.5752020967187","71.7522400010796","75.8106787190254","79.6","79.2","81.1","79.8","82.9","74.7","85.1","84.7","88.2","88.4","89.4","90.2","92.6","93","94","94.9","95.1","96","96.8","97.5","93.5","98.2","98.3","98.6","99.7","",
"IDA only","IDX","Access to electricity, rural (% of rural population)","EG.ELC.ACCS.RU.ZS","","","","","","","","","","","","","","","","","","","","","","","","","","","","","","","","","","","","","","","","","17.5161039266804","20.9673930652644","22.7809210410603","19.1179196120415","19.1068307142086","20.2533945839279","24.2475991362299","21.1989685744338","24.5383234752862","28.4774380252859","26.9888273169984","27.6401569435539","31.0640111197471","31.2456124623919","31.4413316263559","32.6890129446928","38.9951269949235","43.9156599194935","42.7339948175416","45.2237243653817","46.2402429835307","47.7570608326256","47.8559068622359","49.105321083245","53.3922283003407","",
"Isle of Man","IMN","Access to electricity, rural (% of rural population)","EG.ELC.ACCS.RU.ZS","","","","","","","","","","","","","","","","","","","","","","","","","","","","","","","100","100","100","100","100","100","100","100","100","100","100","100","100","100","100","100","100","100","100","100","100","100","100","100","100","100","100","100","100","100","100","100","100","100","100","",
"India","IND","Access to electricity, rural (% of rural population)","EG.ELC.ACCS.RU.ZS","","","","","","","","","","","","","","","","","","","","","","","","","","","","","","","","","","39.5803384393815","37.1160057221975","38.9281807323758","40.7467406400792","42.5728005846051","44.4068679660777","48.2933973590191","49.2","51.2","51.3","55.2","53.4","59.3","57.3","63.5","65.7","65.7","68.4","72.3","72.4","76.8","79.4","83.4","85.3","88.3","93.9","93.8","95.2","99.3","99.1","99.2","99.9","",
"Not classified","INX","Access to electricity, rural (% of rural population)","EG.ELC.ACCS.RU.ZS","","","","","","","","","","","","","","","","","","","","","","","","","","","","","","","","","","","","","","","","","","","","","","","","","","","","","","","","","","","","","","","","","","",
"Ireland","IRL","Access to electricity, rural (% of rural population)","EG.ELC.ACCS.RU.ZS","","","","","","","","","","","","","","","","","","","","","","","","","","","","","","","100","100","100","100","100","100","100","100","100","100","100","100","100","100","100","100","100","100","100","100","100","100","100","100","100","100","100","100","100","100","100","100","100","100","100","",
"Iran, Islamic Rep.","IRN","Access to electricity, rural (% of rural population)","EG.ELC.ACCS.RU.ZS","","","","","","","","","","","","","","","","","","","","","","","","","","","","","","","","","","","","","","","","","94.2","94.7","94.9","95.2","95.4","95.7","95","96.2","96.6","99","98.3","98.3","98.4","99.4","100","99.8","99.8","99.8","100","100","100","100","100","100","100","",
"Iraq","IRQ","Access to electricity, rural (% of rural population)","EG.ELC.ACCS.RU.ZS","","","","","","","","","","","","","","","","","","","","","","","","","","","","","","","","","","","","","","","","","91.3","91.8","92.2","92.6","93","93.4","93.4","95.3","94.6","95","95.5","93.5","98.4","96.9","97.5","98.2","98.8","99.6","99.9","100","100","100","100","100","100","",
"Iceland","ISL","Access to electricity, rural (% of rural population)","EG.ELC.ACCS.RU.ZS","","","","","","","","","","","","","","","","","","","","","","","","","","","","","","","100","100","100","100","100","100","100","100","100","100","100","100","100","100","100","100","100","100","100","100","100","100","100","100","100","100","100","100","100","100","100","100","100","100","100","",
"Israel","ISR","Access to electricity, rural (% of rural population)","EG.ELC.ACCS.RU.ZS","","","","","","","","","","","","","","","","","","","","","","","","","","","","","","","100","100","100","100","100","100","100","100","100","100","100","100","100","100","100","100","100","100","100","100","100","100","100","100","100","100","100","100","100","100","100","100","100","100","100","",
"Italy","ITA","Access to electricity, rural (% of rural population)","EG.ELC.ACCS.RU.ZS","","","","","","","","","","","","","","","","","","","","","","","","","","","","","","","100","100","100","100","100","100","100","100","100","100","100","100","100","100","100","100","100","100","100","100","100","100","100","100","100","100","100","100","100","100","100","100","100","100","100","",
"Jamaica","JAM","Access to electricity, rural (% of rural population)","EG.ELC.ACCS.RU.ZS","","","","","","","","","","","","","","","","","","","","","","","","","","","","","","","58.817856560186","68.4606618121506","69.4007157837742","70.3460139806177","71.2988874982941","72.2606688840029","78.8237429095775","74.2208000080661","75.2237729277012","80.3531418798195","77.4","82.3","80.2","80.1","81","81.9","82.8","83.8","83.4","85.7","88","84.5","88.1","90.7","89.2","91.1","93","94.3","95.9","97.6","99.3","100","100","96.5","95.7","",
"Jordan","JOR","Access to electricity, rural (% of rural population)","EG.ELC.ACCS.RU.ZS","","","","","","","","","","","","","","","","","","","","","","","","","","","","","","","90.1188668356286","93.4891651235119","93.4762080825704","93.4717608605831","93.4850279490451","93.6847271979029","94.0442588285721","95.6654890423809","94.8964577125444","95.3991732441164","96.7","96.8","98.8","97.1","97.9","97.2","100","97.9","100","98.3","100","97.7","99.5","97.3","97.9","98.9","99.5","100","98.9","98.9","98.8","98.8","98.9","100","100","",
"Japan","JPN","Access to electricity, rural (% of rural population)","EG.ELC.ACCS.RU.ZS","","","","","","","","","","","","","","","","","","","","","","","","","","","","","","","100","100","100","100","100","100","100","100","100","100","100","100","100","100","100","100","100","100","100","100","100","100","100","100","100","100","100","100","100","100","100","100","100","100","100","",
"Kazakhstan","KAZ","Access to electricity, rural (% of rural population)","EG.ELC.ACCS.RU.ZS","","","","","","","","","","","","","","","","","","","","","","","","","","","","","","","","","","","","99.8911587112477","98.2360187805538","98.3946194870872","98.566092853986","93.9431215680349","99.1","99.5","99.7","99.8","99.9","100","99.7","100","100","100","100","99.6","100","100","100","100","100","100","100","100","100","100","100","100","100","",
"Kenya","KEN","Access to electricity, rural (% of rural population)","EG.ELC.ACCS.RU.ZS","","","","","","","","","","","","","","","","","","","","","","","","","","","","","","","","","","4.12953124862802","","","","1.10441838046646","6.64729225091167","4.72589861048926","6.6","8.3","10","6.9","13.4","15.1","16.9","18.6","20.4","10.1","7.2","25.7","27.5","29.3","25.1","29","42.1","45.8","51.6","61.7","62.7","68.2","68.4","67.9","67.1","",
"Kyrgyz Republic","KGZ","Access to electricity, rural (% of rural population)","EG.ELC.ACCS.RU.ZS","","","","","","","","","","","","","","","","","","","","","","","","","","","","","","","","","","","","","","99.6885462629564","99.4349189805484","99.4779770551212","99.5","99.5","100","99.4","99.3","99.3","99.1","99.5","99.6","99.5","98.9","97.8","99.8","98.9","99.7","98.7","99.8","100","100","99.9","99.9","99.6","99.6","100","100","",
"Cambodia","KHM","Access to electricity, rural (% of rural population)","EG.ELC.ACCS.RU.ZS","","","","","","","","","","","","","","","","","","","","","","","","","","","","","","","","","","","","","","","10.2821629724107","","6.6","","0.6","7.6","0.8","9.5","16.1","6.5","11.7","11.8","15.8","22.8","28.5","38.9","44.7","53.3","60.7","86.1","75","80","82.9","77.1","88","93.4","98.6","",
"Kiribati","KIR","Access to electricity, rural (% of rural population)","EG.ELC.ACCS.RU.ZS","","","","","","","","","","","","","","","","","","","","","","","","","","","","","","","","","","","","","","","","","26.9","29.7","33","36.3","39.6","51.2","50.8","48.7","51.5","43","39.4","60.9","64.2","68.4","77.5","93","","","","90.1","94.3","","","","","",
"St. Kitts and Nevis","KNA","Access to electricity, rural (% of rural population)","EG.ELC.ACCS.RU.ZS","","","","","","","","","","","","","","","","","","","","","","","","","","","","","","","87.1571260061179","87.6959615025481","88.2423722100353","88.786480080367","89.3288672179421","89.8703681508405","90.4113387972348","90.9520645448711","91.4932337818849","92.0343306937823","93.4","90.7","94.2","94.5","94.8","95.2","95.5","95.9","96.3","96.7","99.9","100","100","100","100","100","100","100","100","100","100","100","100","100","100","",
"Korea, Rep.","KOR","Access to electricity, rural (% of rural population)","EG.ELC.ACCS.RU.ZS","","","","","","","","","","","","","","","","","","","","","","","","","","","","","","","99.8482291747245","99.8172354725825","99.8220252801251","99.8797266450095","99.9517495251186","100","100","100","100","100","100","100","100","100","100","100","100","100","100","100","100","100","100","100","100","100","100","100","100","100","100","100","100","100","100","",
"Kuwait","KWT","Access to electricity, rural (% of rural population)","EG.ELC.ACCS.RU.ZS","","","","","","","","","","","","","","","","","","","","","","","","","","","","","","","100","100","100","100","100","100","100","100","100","100","100","100","100","100","100","100","100","100","100","100","100","100","100","100","100","100","100","100","100","100","100","100","100","100","100","",
"Latin America & Caribbean (excluding high income)","LAC","Access to electricity, rural (% of rural population)","EG.ELC.ACCS.RU.ZS","","","","","","","","","","","","","","","","","","","","","","","","","","","","","","","","","64.0972716237554","65.0778114065154","67.2800141108762","63.0813879773308","65.7911363657321","66.608561060095","68.1538854131114","69.6956420761834","70.5360733756007","73.5567759800669","73.9566468982091","74.1388784548542","75.3129020798313","76.3939941403872","78.5660868886639","79.1725542479442","81.6154707185453","82.0968373846017","83.6334136391567","84.6846651077474","86.0153156678785","87.0009143875596","87.6355838023009","88.8711266280343","93.4180413863021","90.0949398125764","90.1690629793822","91.0445976714067","96.109017520992","96.7041341186743","96.9142269419636","92.5392233051628","90.8436796303677","",
"Lao PDR","LAO","Access to electricity, rural (% of rural population)","EG.ELC.ACCS.RU.ZS","","","","","","","","","","","","","","","","","","","","","","","","","","","","","","","","","","17.9675439949302","11.4641151430092","10.1661515071985","16.8817407634259","19.4707121923206","22.0834009552285","24.7239019576492","27.5","30.2","30.5","31.6","38.3","44.1","42.8","38.2","52.6","55","58.6","57.8","66.8","70.6","75","85.7","84.1","90.5","89.3","97.6","99","100","100","95.2","94.2","",
"Lebanon","LBN","Access to electricity, rural (% of rural population)","EG.ELC.ACCS.RU.ZS","","","","","","","","","","","","","","","","","","","","","","","","","","","","","","","","","","","","","","","","","100","100","100","100","100","98.9","98.8","86.7","99.2","96.1","96.6","99.2","96.2","96.8","97.3","97.8","98.3","98.7","97.4","99.6","99.8","100","100","100","100","",
"Liberia","LBR","Access to electricity, rural (% of rural population)","EG.ELC.ACCS.RU.ZS","","","","","","","","","","","","","","","","","","","","","","","","","","","","","","","","","","","","","","","","","","","","","","","","","","","1","1.2","2.8","3.5","4.1","5.2","4.1","7.4","7.7","8.3","8.1","8.1","14.9","9.3","9.2","",
"Libya","LBY","Access to electricity, rural (% of rural population)","EG.ELC.ACCS.RU.ZS","","","","","","","","","","","","","","","","","","","","","","","","","","","","","","","","","","","","","","","","","99.2","87.3","79.8","72.2","64.5","56.9","49.2","41.4","33.6","25.6","17.5","9.3","0.8","","","","","","","","","","","","","",
"St. Lucia","LCA","Access to electricity, rural (% of rural population)","EG.ELC.ACCS.RU.ZS","","","","","","","","","","","","","","","","","","","","","","","","","","","","","","","","","","","","","","","","","82.4","87.6","84.9","86.2","87.4","88.6","89.8","91","92.1","93.2","94.1","95.5","95.6","97.7","98.7","99.7","100","100","100","100","100","100","100","100","100","",
"Latin America & Caribbean","LCN","Access to electricity, rural (% of rural population)","EG.ELC.ACCS.RU.ZS","","","","","","","","","","","","","","","","","","","","","","","","","","","","","","","","","64.3677105544178","65.3342760862398","67.4374976460426","63.3913194169251","65.9446744994885","66.8143825712799","68.4108136068152","69.8435012828185","71.1242369366262","74.0066005096669","74.4251175273558","74.9082446198302","75.7902922261376","76.8378502815453","79.1066404657976","79.5781322110912","81.9224919876128","82.5269000706947","83.9924700599218","85.0266785188795","86.3620128424881","87.3004270919339","87.9362594491458","89.1221495529808","93.4581981318334","90.5588723814664","90.5280853416719","91.3705864293127","96.1038464505585","96.8068548997881","97.0461230526243","92.7784269633809","91.0260439229498","",
"Least developed countries: UN classification","LDC","Access to electricity, rural (% of rural population)","EG.ELC.ACCS.RU.ZS","","","","","","","","","","","","","","","","","","","","","","","","","","","","","","","","","","","","","","","","","11.3222770948457","","","13.7319549598724","13.7069430916317","15.2372162236644","18.6021960124522","16.4002047957683","19.320654830566","23.2283482284394","21.3512381060265","22.5876805292565","26.9616547377237","26.7633703520094","26.8277562973246","28.1547872875731","34.9078717789724","40.321798681682","38.4365889963587","41.5652864404257","42.694626425334","44.3314580691082","44.6180974033944","45.8874791441244","49.8100859002347","",
"Low income","LIC","Access to electricity, rural (% of rural population)","EG.ELC.ACCS.RU.ZS","","","","","","","","","","","","","","","","","","","","","","","","","","","","","","","","","","","","","","","","","","","","8.6223193285293","9.1889796553348","9.22349878919377","11.9208120343381","11.4513712371909","12.7790514090947","15.1142526351556","16.2481960491315","15.0750306841016","19.0116867887517","19.8259152723306","19.4994397175426","17.2385718970579","25.8303509363631","28.0226765159936","26.3139202733643","29.5236631471822","29.4827869698089","31.0460279955516","29.1088601139619","31.5385227553978","37.0892317837697","",
"Liechtenstein","LIE","Access to electricity, rural (% of rural population)","EG.ELC.ACCS.RU.ZS","","","","","","","","","","","","","","","","","","","","","","","","","","","","","","","100","100","100","100","100","100","100","100","100","100","100","100","100","100","100","100","100","100","100","100","100","100","100","100","100","100","100","100","100","100","100","100","100","100","100","",
"Sri Lanka","LKA","Access to electricity, rural (% of rural population)","EG.ELC.ACCS.RU.ZS","","","","","","","","","","","","","","","","","","","","","","","","","","","","","","","","","","","","","","","","","66.2","58.7","78.3","71.5","73.2","75","79.3","76.6","80.3","85.2","83","85.7","84.7","88.5","91.3","93.2","97.2","96.9","99.5","99.7","100","100","100","100","100","",
"Lower middle income","LMC","Access to electricity, rural (% of rural population)","EG.ELC.ACCS.RU.ZS","","","","","","","","","","","","","","","","","","","","","","","","","","","","","","","","","","37.6499874972774","32.9290948116016","34.3791090120778","35.6275476558845","37.3202212399851","40.0386558347787","43.4574698973118","43.1565357499074","45.3364149792589","45.7230152087228","49.0262280527314","47.741414625022","51.8258044880401","52.1280051052838","55.2560504091071","57.4712663471063","59.2446087465232","60.078870232107","63.6520989343352","64.2821564545301","67.314908956404","68.7932892458438","72.1394165559575","75.128205515912","77.8572806618842","81.266341702383","82.3210674947761","84.1212525884435","86.9503242019138","87.5363727808132","87.8585566696802","88.0440724824424","",
"Low & middle income","LMY","Access to electricity, rural (% of rural population)","EG.ELC.ACCS.RU.ZS","","","","","","","","","","","","","","","","","","","","","","","","","","","","","","","","","","","","","","","","","63.1623501693098","65.1790621194721","65.4451545677981","64.2898290360977","64.0181554484242","65.4872828605935","66.2250632126413","66.3326811502882","68.2694295721543","69.9100548049876","70.6177476691195","71.8740163912738","72.5795120051037","73.7659995471564","73.9891618267932","74.556242359573","77.2941018932589","79.1205619727483","80.317818930576","81.0503721746754","81.4222248373689","83.0992393659217","82.5929190379547","83.041191354128","83.5823967914712","",
"Lesotho","LSO","Access to electricity, rural (% of rural population)","EG.ELC.ACCS.RU.ZS","","","","","","","","","","","","","","","","","","","","","","","","","","","","","","","","","","","","","","","","","2","","","","1.4","3.7","2.6","6.9","8.6","8.6","4.4","10.8","7.2","14.8","15.6","19.7","23.3","20.2","","32.6","35.2","37.7","38","45.2","41.4","",
"Late-demographic dividend","LTE","Access to electricity, rural (% of rural population)","EG.ELC.ACCS.RU.ZS","","","","","","","","","","","","","","","","","","","","","","","","","","","","","","","","","","","","","","","","","91.8630251063422","93.0102265594619","93.553057768876","93.8652082891322","94.1849839759149","94.9748902772738","96.1354983467094","95.4993110414506","96.1454502575825","97.1425168736928","98.3713043613792","98.8690494992161","98.9285760281892","99.1799367132243","99.3314741901217","99.2630530032204","99.5588304954404","99.7641146447861","99.7267522792263","99.7868843602428","99.8952645548586","99.8887278884733","99.8907265662936","99.8568501281192","99.8521386671831","",
"Lithuania","LTU","Access to electricity, rural (% of rural population)","EG.ELC.ACCS.RU.ZS","","","","","","","","","","","","","","","","","","","","","","","","","","","","","","","100","100","100","100","100","100","100","100","100","100","100","100","100","100","100","99.9","99.8","99.8","99.7","99.7","100","99.7","100","100","100","100","100","100","100","100","100","100","100","100","100","",
"Luxembourg","LUX","Access to electricity, rural (% of rural population)","EG.ELC.ACCS.RU.ZS","","","","","","","","","","","","","","","","","","","","","","","","","","","","","","","100","100","100","100","100","100","100","100","100","100","100","100","100","100","100","100","100","100","100","100","100","100","100","100","100","100","100","100","100","100","100","100","100","100","100","",
"Latvia","LVA","Access to electricity, rural (% of rural population)","EG.ELC.ACCS.RU.ZS","","","","","","","","","","","","","","","","","","","","","","","","","","","","","","","100","100","100","100","100","100","100","100","100","100","100","100","100","100","100","100","100","100","99.9","100","99.8","99.8","100","100","100","100","100","100","100","100","100","100","100","100","100","",
"Macao SAR, China","MAC","Access to electricity, rural (% of rural population)","EG.ELC.ACCS.RU.ZS","","","","","","","","","","","","","","","","","","","","","","","","","","","","","","","","","","","100","100","100","100","100","100","100","100","100","100","100","100","100","100","100","100","100","100","100","100","100","100","100","100","100","100","100","100","100","100","100","",
"St. Martin (French part)","MAF","Access to electricity, rural (% of rural population)","EG.ELC.ACCS.RU.ZS","","","","","","","","","","","","","","","","","","","","","","","","","","","","","","","","","","","","","","","","","","","","","","","","","","","100","100","100","100","100","100","100","100","100","100","100","100","100","100","100","",
"Morocco","MAR","Access to electricity, rural (% of rural population)","EG.ELC.ACCS.RU.ZS","","","","","","","","","","","","","","","","","","","","","","","","","","","","","","","","","13.920832141409","22.6456890719688","24.9365087135882","20.0112760653791","30.6417157031725","33.6074911572575","36.6211401680601","39.6830082847103","44.4","47.3","50.3","53.4","58.4","59.3","93","65.4","68.5","71.7","92.9","93.2","93.6","95","94.4","93.6","95.4","100","96.1","98.9","100","100","100","100","100","",
"Monaco","MCO","Access to electricity, rural (% of rural population)","EG.ELC.ACCS.RU.ZS","","","","","","","","","","","","","","","","","","","","","","","","","","","","","","","100","100","100","100","100","100","100","100","100","100","100","100","100","100","100","100","100","100","100","100","100","100","100","100","100","100","100","100","100","100","100","100","100","100","100","",
"Moldova","MDA","Access to electricity, rural (% of rural population)","EG.ELC.ACCS.RU.ZS","","","","","","","","","","","","","","","","","","","","","","","","","","","","","","","100","100","100","100","100","100","100","100","100","100","98.4","98.5","98.9","98.6","99.1","98","98.7","98.8","98.9","99","99.1","99.2","99.3","99.5","99.6","99.8","99.9","100","100","100","100","100","100","100","100","",
"Madagascar","MDG","Access to electricity, rural (% of rural population)","EG.ELC.ACCS.RU.ZS","","","","","","","","","","","","","","","","","","","","","","","","","","","","","","","","","","","","","","1.18310251618643","","","","4.5","","7.7","0.9","1","1.2","1.3","1.4","","","","","","1.7","1.7","","","16","13","6.7","10.9","11.1","14.6","26.5","",
"Maldives","MDV","Access to electricity, rural (% of rural population)","EG.ELC.ACCS.RU.ZS","","","","","","","","","","","","","","","","","","","","","","","","","","","","","","","","","","","","","","","","","77.9","82.7","83.6","84.6","85.6","86.6","87.7","89","90.3","99.9","98.7","98.7","98.9","99","100","99.6","100","99.9","100","100","100","100","100","100","100","",
"Middle East, North Africa, Afghanistan & Pakistan","MEA","Access to electricity, rural (% of rural population)","EG.ELC.ACCS.RU.ZS","","","","","","","","","","","","","","","","","","","","","","","","","","","","","","","","","","","","","","","65.6240529502642","65.7925212128402","74.2375287278854","74.9621717004452","75.3116096705543","71.7765610458488","72.2994086219616","74.2019594167419","76.9077376116547","76.0418181307591","77.4111676515129","78.7024528644359","82.0776985102548","82.2462248397789","84.2003913963922","87.0879853422926","88.7022130412753","87.5527834579971","90.9403184281545","92.7342812736466","93.889502946357","92.5713693138768","93.027815340131","93.2399423604293","92.3581435686276","93.0068660669032","93.979239181816","",
"Mexico","MEX","Access to electricity, rural (% of rural population)","EG.ELC.ACCS.RU.ZS","","","","","","","","","","","","","","","","","","","","","","","","","","","","","","","","","79.0146324735511","85.8106653188079","84.3841666023351","86.7071459689176","87.7470313854535","87.8440915677976","87.2345921078742","89.1986483983401","93.8","90.7","92.9","91.6","96.1","96.8","97.2","93.3","96.2","94.3","97.6","96.8","97.2","96.8","97.4","97.9","98.3","100","98.3","98.3","97.7","100","100","99.1","99.2","",
"Marshall Islands","MHL","Access to electricity, rural (% of rural population)","EG.ELC.ACCS.RU.ZS","","","","","","","","","","","","","","","","","","","","","","","","","","","","","","","","","","","","","","","","25.0955932098475","23.6","26.5","29.5","32.6","35.8","39.1","42.5","22.4","49.8","53.6","81.1","82.6","82.3","83.1","84.2","85.5","86.9","90.5","95.8","100","100","100","100","100","96.3","",
"Middle income","MIC","Access to electricity, rural (% of rural population)","EG.ELC.ACCS.RU.ZS","","","","","","","","","","","","","","","","","","","","","","","","","","","","","","","","","","","","","","","","","66.0994461433317","67.4205979514584","67.7170310139998","69.1494896743668","68.9669638101958","70.5461582915461","71.2016451768013","72.6440556838","74.0464649272976","75.4406451495539","76.0000971029066","77.9184149456821","78.2598287114974","79.9492802187128","80.7977160692703","82.5728596295746","84.3541760169486","86.0088559648609","87.9670726556386","88.6358779769106","89.6942594629839","91.5972728289242","91.8021868808629","92.0798803240211","91.8721594540407","",
"North Macedonia","MKD","Access to electricity, rural (% of rural population)","EG.ELC.ACCS.RU.ZS","","","","","","","","","","","","","","","","","","","","","","","","","","","","","","","100","100","100","100","100","100","100","100","100","100","99.2","99.2","99.2","99.2","98.9","99.2","100","99.3","99.2","99.1","99.6","99.6","99.4","99.5","99.7","99.9","100","100","99.8","100","100","100","100","100","100","",
"Mali","MLI","Access to electricity, rural (% of rural population)","EG.ELC.ACCS.RU.ZS","","","","","","","","","","","","","","","","","","","","","","","","","","","","","","","","","","","","","0.831307181752044","","","","","","1.7","2.5","3.2","3.8","1.5","5","5.5","5.7","","1.4","","3.4","4.5","7.3","8.4","","25.4","15.2","16.8","18.3","19.7","22.7","31.4","",
"Malta","MLT","Access to electricity, rural (% of rural population)","EG.ELC.ACCS.RU.ZS","","","","","","","","","","","","","","","","","","","","","","","","","","","","","","","100","100","100","100","100","100","100","100","100","100","100","100","100","100","100","100","100","100","100","100","100","100","100","100","100","100","100","100","100","100","100","100","100","100","100","",
"Myanmar","MMR","Access to electricity, rural (% of rural population)","EG.ELC.ACCS.RU.ZS","","","","","","","","","","","","","","","","","","","","","","","","","","","","","","","","","","","","","","","","","26.9","28.1","33.3","30.4","31.5","32.7","33.9","35.1","36.4","37.6","32.5","40.2","41.4","42.7","37.9","47.6","39.8","59.9","54.6","57.5","60.1","62.8","62.9","68.8","73.9","",
"Middle East, North Africa, Afghanistan & Pakistan (excluding high income)","MNA","Access to electricity, rural (% of rural population)","EG.ELC.ACCS.RU.ZS","","","","","","","","","","","","","","","","","","","","","","","","","","","","","","","","","","","","","","","64.6189421058441","64.7869964703848","73.6483902465676","74.379707972865","74.7276377873514","71.1472275196004","71.6763032928122","73.6184148680399","76.3809319339725","75.4866377353159","76.8799527713237","78.1985170784904","81.6661586054879","81.8295558810287","83.8185993679797","86.7647294877876","88.4169730081564","87.2302387984106","90.7016863719616","92.5451271270769","93.7247125081557","92.3892192756616","92.855881145876","93.0785315895444","92.1711277153803","92.8308945113705","93.8242026204684","",
"Montenegro","MNE","Access to electricity, rural (% of rural population)","EG.ELC.ACCS.RU.ZS","","","","","","","","","","","","","","","","","","","","","","","","","","","","","","","100","100","100","100","100","100","100","100","100","100","98.2","98.2","98.2","98.1","98.1","99.5","98.1","98.1","98.1","98.1","98.2","97.6","98.3","99.9","94.1","98.6","98.9","100","100","99.9","99.5","99.4","100","100","100","",
"Mongolia","MNG","Access to electricity, rural (% of rural population)","EG.ELC.ACCS.RU.ZS","","","","","","","","","","","","","","","","","","","","","","","","","","","","","","","","","","","","","","","","","27","35.8","36.8","40.9","39","66.7","41.5","42.9","44.4","46.1","41.9","25.2","54","45.8","60.8","66.3","74.1","81.7","94.6","96.9","98.5","100","100","100","98.4","",
"Northern Mariana Islands","MNP","Access to electricity, rural (% of rural population)","EG.ELC.ACCS.RU.ZS","","","","","","","","","","","","","","","","","","","","","","","","","","","","","","","100","100","100","99.9120910007945","99.8787024816551","100","100","100","100","100","100","100","100","100","100","100","100","100","100","100","100","100","100","100","100","100","100","100","100","100","100","100","100","100","100","",
"Mozambique","MOZ","Access to electricity, rural (% of rural population)","EG.ELC.ACCS.RU.ZS","","","","","","","","","","","","","","","","","","","","","","","","","","","","","","","","","","","","","","","","","","","","1","1","1.5","2","1.5","2.3","2.2","1.4","3.8","2.3","2.8","2.7","0.9","4.7","4.4","8","5.2","4.6","3.8","5","8.9","12.3","",
"Mauritania","MRT","Access to electricity, rural (% of rural population)","EG.ELC.ACCS.RU.ZS","","","","","","","","","","","","","","","","","","","","","","","","","","","","","","","","","","","","","","","","","3","4.9","3.7","3.8","3.8","1.2","3.8","3.8","4","3.2","2.1","1.5","0.8","","","","","","","","","","","","","",
"Mauritius","MUS","Access to electricity, rural (% of rural population)","EG.ELC.ACCS.RU.ZS","","","","","","","","","","","","","","","","","","","","","","","","","","","","","","","98.2915602575158","98.3470808149092","98.4021830503044","98.4558275966457","98.5068265448817","98.553999286124","98.5962016371233","98.6322362578915","98.6609538753575","98.6840613137051","98.3","98.7","99","98.6","98.6","98.6","98.6","98.6","98.6","98.7","99.3","99.5","99.1","99.1","99.3","99.5","99.8","99.6","100","100","99.5","99.8","100","100","100","",
"Malawi","MWI","Access to electricity, rural (% of rural population)","EG.ELC.ACCS.RU.ZS","","","","","","","","","","","","","","","","","","","","","","","","","","","","","","","","","0.889517615969156","","","","","","","0.621764843884561","0.7","1.3","1.5","0.8","2.8","2.1","","2.6","2.8","3.1","3.9","3","1.8","3.8","5.3","3.4","4.9","3.7","11.7","4.1","3.5","5.6","5.8","6.1","6.4","",
"Malaysia","MYS","Access to electricity, rural (% of rural population)","EG.ELC.ACCS.RU.ZS","","","","","","","","","","","","","","","","","","","","","","","","","","","","","","","","","","","","","","","","","97.6","97.6","97.7","97.7","97.8","97.8","97.8","97.9","98","97.9","99","98.8","99.5","98.7","99","99.5","99.6","99.9","100","100","100","100","100","100","100","",
"North America","NAC","Access to electricity, rural (% of rural population)","EG.ELC.ACCS.RU.ZS","","","","","","","","","","","","","","","","","","","","","","","","","","","","","","","100","100","100","100","100","100","100","100","100","100","100","100","100","100","100","100","100","100","100","100","100","100","100","100","100","100","100","100","100","100","100","100","100","100","100","",
"Namibia","NAM","Access to electricity, rural (% of rural population)","EG.ELC.ACCS.RU.ZS","","","","","","","","","","","","","","","","","","","","","","","","","","","","","","","","","10.7421410653722","9.18226464800872","11.6155478859417","12.5701003305813","13.5321490263266","14.5045539712598","15.4875548587814","16.4824266799682","18.9","18.5","19.1","19.7","20.2","20.8","21.4","22.4","22.7","20.7","24","21.6","25.4","27.3","26.9","31.3","31.6","31.6","30.2","31.2","","33.2","33.4","34.1","41.1","",
"New Caledonia","NCL","Access to electricity, rural (% of rural population)","EG.ELC.ACCS.RU.ZS","","","","","","","","","","","","","","","","","","","","","","","","","","","","","","","99.8120243752864","99.812893701513","99.8250114731429","99.8605332908915","99.9148792008411","100","100","100","100","100","100","100","100","100","100","100","100","100","100","100","100","100","100","100","100","100","100","100","100","100","100","100","100","100","100","",
"Niger","NER","Access to electricity, rural (% of rural population)","EG.ELC.ACCS.RU.ZS","","","","","","","","","","","","","","","","","","","","","","","","","","","","","","","","","","","","0.95044150019798","1.64365136147956","","1.01535961099747","1.26439430496694","","2","2.3","2.7","3","","2","4.1","4.5","4.9","4.8","5.5","5.2","6.6","7.3","8.1","8.8","9.2","11.7","9.7","9.7","9.1","7.7","10.4","10.8","",
"Nigeria","NGA","Access to electricity, rural (% of rural population)","EG.ELC.ACCS.RU.ZS","","","","","","","","","","","","","","","","","","","","","","","","","","","","","","","4.04391372536075","14.2529109017222","14.9700471628511","15.6931901780981","16.4231206189389","17.1597683755411","17.9032057830542","18.6585470745314","19.4251489051188","24.3267900721401","21.5","21.8","22.1","32.7","22.8","23.1","23.5","25.3","25.6","24.6","23.5","31","27","31.6","27.1","25.9","34","22.6","31","25.5","24.6","26.3","27","32.9","23.5","",
"Nicaragua","NIC","Access to electricity, rural (% of rural population)","EG.ELC.ACCS.RU.ZS","","","","","","","","","","","","","","","","","","","","","","","","","","","","","","","","","","46.9414056753948","42.9204401126761","43.5050888734957","44.2115980584033","44.9319388938515","42.6951497621714","46.4236168061403","47.5","47.9","48.9","49.6","50.3","46.4","51.7","52.4","53.1","51.7","56.6","58.2","58.2","59.3","59.3","61.3","62.3","63.3","64.4","65.2","65.9","66.3","66.4","71","72.2","",
"Netherlands","NLD","Access to electricity, rural (% of rural population)","EG.ELC.ACCS.RU.ZS","","","","","","","","","","","","","","","","","","","","","","","","","","","","","","","100","100","100","100","100","100","100","100","100","100","100","100","100","100","100","100","100","100","100","100","100","100","100","100","100","100","100","100","100","100","100","100","100","100","100","",
"Norway","NOR","Access to electricity, rural (% of rural population)","EG.ELC.ACCS.RU.ZS","","","","","","","","","","","","","","","","","","","","","","","","","","","","","","","100","100","100","100","100","100","100","100","100","100","100","100","100","100","100","100","100","100","100","100","100","100","100","100","100","100","100","100","100","100","100","100","100","100","100","",
"Nepal","NPL","Access to electricity, rural (% of rural population)","EG.ELC.ACCS.RU.ZS","","","","","","","","","","","","","","","","","","","","","","","","","","","","","","","","","","","","","10.1540889472181","9.43067951253751","13.021173371935","16.6279821869797","21.3","14.7","28","31.5","28.5","38.6","44.1","45.8","49.5","53.2","63.2","61.7","70.9","73.5","82.1","79","89.8","84.6","93.5","","","","93.7","93.4","94.2","",
"Naoero","NRU","Access to electricity, rural (% of rural population)","EG.ELC.ACCS.RU.ZS","","","","","","","","","","","","","","","","","","","","","","","","","","","","","","","","","","","","","","","","","","","","","","","","","","","","","","","","100","","","","100","100","100","100","100","100","",
"New Zealand","NZL","Access to electricity, rural (% of rural population)","EG.ELC.ACCS.RU.ZS","","","","","","","","","","","","","","","","","","","","","","","","","","","","","","","100","100","100","100","100","100","100","100","100","100","100","100","100","100","100","100","100","100","100","100","100","100","100","100","100","100","100","100","100","100","100","100","100","100","100","",
"OECD members","OED","Access to electricity, rural (% of rural population)","EG.ELC.ACCS.RU.ZS","","","","","","","","","","","","","","","","","","","","","","","","","","","","","","","98.4986267178983","98.7757568125091","97.0402210596427","97.66082902124","97.541949935355","97.5087280058252","97.8516075189847","97.8948546786762","97.9014321151095","98.0739423368373","98.768693223799","98.8634990373965","98.6298984614068","98.5982990155545","98.9368859048687","99.1971361808749","99.136299542894","98.7256026210088","99.0494263840658","98.809377569261","99.2150319118028","99.0975283784834","99.2111077604258","99.2766131718286","99.3173609399132","99.4353081990531","99.5186315076135","99.6914236485652","99.5065386914356","99.6963079855353","99.698562782082","100","100","99.6840551072651","99.6324664309058","",
"Oman","OMN","Access to electricity, rural (% of rural population)","EG.ELC.ACCS.RU.ZS","","","","","","","","","","","","","","","","","","","","","","","","","","","","","","","100","100","100","100","100","100","100","100","100","100","100","100","100","100","100","100","100","100","100","100","100","100","100","100","100","100","100","100","100","100","100","100","100","100","100","",
"Other small states","OSS","Access to electricity, rural (% of rural population)","EG.ELC.ACCS.RU.ZS","","","","","","","","","","","","","","","","","","","","","","","","","","","","","","","","","","","","","","","","","51.8799354066774","55.2473660560831","53.3142559291855","55.3045300965598","57.6431257657348","59.82469359576","60.0324604744345","62.9165287717633","64.271552089331","64.6505849526386","66.4394669696335","70.9277452056969","72.4936474044331","73.6858246556999","76.0052166880777","77.7630570514612","80.3610255995561","86.1601280646885","84.9096726693699","87.4522456955098","89.2754052917926","91.1836017013136","91.9971528402121","92.4164975394296","92.7685984747745","",
"Pakistan","PAK","Access to electricity, rural (% of rural population)","EG.ELC.ACCS.RU.ZS","","","","","","","","","","","","","","","","","","","","","","","","","","","","","","","","","","","","","","","59.4976357161201","58.9596319295845","62.6","63.9","65.3","66.7","68","69.4","70.8","72.2","73.7","75.2","82.1","82.9","83.8","84.8","85.8","86.9","88","89.1","90.1","90.7","91.5","91.9","93","92.8","94","",
"Panama","PAN","Access to electricity, rural (% of rural population)","EG.ELC.ACCS.RU.ZS","","","","","","","","","","","","","","","","","","","","","","","","","","","","","","","40.523859320897","46.4085689366143","47.060066908774","47.7378572222039","48.4429413168637","49.1833288593948","49.9621872904785","50.7913770595687","51.6731594202188","52.6144851966948","55.4","55.3","56.6","71.5","59.3","60.7","62.1","63.5","65","66.5","64.7","69.6","71.1","71.2","74.5","76.3","78.1","100","","","85.6","","100","90.7","92.1","",
"Peru","PER","Access to electricity, rural (% of rural population)","EG.ELC.ACCS.RU.ZS","","","","","","","","","","","","","","","","","","","","","","","","","","","","","","","","","23.6399346948511","2.76892056332457","4.94329112557081","7.19244862100369","4.6576523999663","11.5429583064255","16.5817040125137","18.3864207253345","11.1","16.1","19.5","18.5","20.9","24.6","31.1","38.7","45.4","51","55.6","61.3","66.2","69.9","72.8","76.7","78","80.5","81.8","82.9","86.1","83.6","85.1","85.1","82.1","",
"Philippines","PHL","Access to electricity, rural (% of rural population)","EG.ELC.ACCS.RU.ZS","","","","","","","","","","","","","","","","","","","","","","","","","","","","","","","","","","49.3467057912156","51.1707123816351","52.9143161486911","54.6597121077381","56.4083199093136","54.2250582751455","56.1771339939245","61.8","63.4","65","63.5","84.5","69.9","70","73.1","74.6","76.1","78.5","81.2","80.7","81.9","84.6","83.2","87.9","90","91.3","93","94.7","96.5","91.1","97.6","88.5","",
"Palau","PLW","Access to electricity, rural (% of rural population)","EG.ELC.ACCS.RU.ZS","","","","","","","","","","","","","","","","","","","","","","","","","","","","","","","92.1819540100031","92.3415211656578","92.5027389396588","92.6730338238111","92.8564389846461","93.0606651306152","93.3870561723664","93.7603727005485","94.1605983784558","94.5880103529061","95.4","95.6","95.8","96","96.1","97","96.3","96.4","96.6","96.7","96.9","97.1","94.9","97.6","99.2","98.3","100","100","100","100","100","100","100","100","100","",
"Papua New Guinea","PNG","Access to electricity, rural (% of rural population)","EG.ELC.ACCS.RU.ZS","","","","","","","","","","","","","","","","","","","","","","","","","","","","","","","","","","","","","2.58825841206037","","","","4.4","4.8","5.2","5.6","6","6.5","5","7.4","7.9","9.3","11.8","9.5","9.9","10.3","10.8","11.3","5.6","12.3","10.5","17.1","13.6","14","14.2","13.4","39","",
"Poland","POL","Access to electricity, rural (% of rural population)","EG.ELC.ACCS.RU.ZS","","","","","","","","","","","","","","","","","","","","","","","","","","","","","","","100","100","100","100","100","100","100","100","100","100","100","100","100","100","100","100","100","100","99.9","100","100","100","100","100","100","100","100","100","100","100","100","100","100","100","100","",
"Pre-demographic dividend","PRE","Access to electricity, rural (% of rural population)","EG.ELC.ACCS.RU.ZS","","","","","","","","","","","","","","","","","","","","","","","","","","","","","","","","","","","","","","","","","12.7013240808725","13.3385712381898","13.4191013016557","14.4397341256176","12.9823722969618","14.173543051367","14.6932978905228","13.9991572902419","15.162639497905","17.1571311525612","16.0544857788843","18.9372672869977","20.8578016786136","21.2414369151952","22.3430809945656","19.52464733735","26.3502632433642","25.620125019494","28.1361394867338","28.5661111948677","28.1090862283032","29.5735340766741","29.4187523684025","31.0596811038723","34.347700422358","",
"Puerto Rico (US)","PRI","Access to electricity, rural (% of rural population)","EG.ELC.ACCS.RU.ZS","","","","","","","","","","","","","","","","","","","","","","","","","","","","","","","99.7652157061994","99.8998462690734","99.9794902741936","100","100","100","100","100","100","100","100","100","100","100","100","100","100","100","100","100","100","100","100","100","100","100","100","100","100","100","100","100","100","100","100","",
"Korea, Dem. People's Rep.","PRK","Access to electricity, rural (% of rural population)","EG.ELC.ACCS.RU.ZS","","","","","","","","","","","","","","","","","","","","","","","","","","","","","","","","","","","","","","","","","","","","","","","","","","","","","","","","","","","","","","","","","","",
"Portugal","PRT","Access to electricity, rural (% of rural population)","EG.ELC.ACCS.RU.ZS","","","","","","","","","","","","","","","","","","","","","","","","","","","","","","","100","100","100","100","100","100","100","100","100","100","100","100","100","100","100","100","100","100","100","100","100","100","100","100","100","100","100","100","100","100","100","100","100","100","100","",
"Paraguay","PRY","Access to electricity, rural (% of rural population)","EG.ELC.ACCS.RU.ZS","","","","","","","","","","","","","","","","","","","","","","","","","","","","","","","","","","","","56.7981138356986","74.0779606768557","73.6248952791577","76.3670681804233","77.6570857939227","79.5","82.3","83.7","85.6","87.5","89.6","94.3","93.1","93.4","94.7","94.4","96.3","95.1","97.9","97.7","98.6","96.1","98.5","99.1","99.4","99.4","100","100","99.5","99.6","",
"West Bank and Gaza","PSE","Access to electricity, rural (% of rural population)","EG.ELC.ACCS.RU.ZS","","","","","","","","","","","","","","","","","","","","","","","","","","","","","","","","","","","","","","92.7752780570434","94.9529709556602","95.2748804096496","99.2","99.1","97.9","97.5","99","99.1","99.4","96.5","99.5","99.9","99.9","99","99.3","99.6","100","99.6","100","99.6","100","100","100","100","100","100","100","",
"Pacific island small states","PSS","Access to electricity, rural (% of rural population)","EG.ELC.ACCS.RU.ZS","","","","","","","","","","","","","","","","","","","","","","","","","","","","","","","","","","","","","","","","41.0537053171069","54.6832970850153","56.1041355188118","42.3734653443575","43.8783043461514","45.1074483162316","47.3252118554655","46.1665774440234","68.6983952371328","53.6432166415697","49.8802438783922","60.4618512519708","61.8889874948468","63.3594568080637","61.9703773862086","67.5806929093271","70.8689904221609","71.9696460816672","76.0764101524215","76.5813064460323","79.2326636844663","81.8032144370647","80.4202449672094","80.468229869451","84.5719077254157","83.7875893057625","",
"Post-demographic dividend","PST","Access to electricity, rural (% of rural population)","EG.ELC.ACCS.RU.ZS","","","","","","","","","","","","","","","","","","","","","","","","","","","","","","","99.9919827078414","99.9908943455001","99.9913657103992","99.9939862037354","99.9970525847149","99.999055030001","99.9990785433298","99.9991020221132","99.9991283116097","99.9991573063416","99.2279145896236","99.2513666036534","99.2391151101211","99.3214012511074","99.3605856833849","99.4390919500037","99.4399430657779","99.4969466135792","99.5204079084949","99.5670008945296","99.6082554579443","99.6539487554755","99.6748449685202","99.7209916826104","99.7660590943979","99.8021804971883","99.8524709381456","99.9006473464404","99.9401938170169","99.9810985310402","99.9915590953889","99.9959512958638","99.9967810903918","100","100","",
"French Polynesia","PYF","Access to electricity, rural (% of rural population)","EG.ELC.ACCS.RU.ZS","","","","","","","","","","","","","","","","","","","","","","","","","","","","","","","100","100","100","100","100","100","100","100","100","100","100","100","100","100","100","100","100","100","100","100","100","100","100","100","100","100","100","100","100","100","100","100","100","100","100","",
"Qatar","QAT","Access to electricity, rural (% of rural population)","EG.ELC.ACCS.RU.ZS","","","","","","","","","","","","","","","","","","","","","","","","","","","","","","","100","100","100","100","100","100","100","100","100","100","100","100","100","100","100","100","100","100","100","100","100","100","100","100","100","100","100","100","100","100","100","100","100","100","100","",
"Romania","ROU","Access to electricity, rural (% of rural population)","EG.ELC.ACCS.RU.ZS","","","","","","","","","","","","","","","","","","","","","","","","","","","","","","","100","100","100","100","100","100","100","100","100","100","93.4","93.7","94","94.3","94.5","94.8","95.1","95.4","95.8","96.1","96","96.3","96.7","97.1","97.6","98.2","98.6","100","99.9","100","100","100","100","100","100","",
"Russian Federation","RUS","Access to electricity, rural (% of rural population)","EG.ELC.ACCS.RU.ZS","","","","","","","","","","","","","","","","","","","","","","","","","","","","","","","100","100","100","100","100","100","100","100","100","100","96.1","96.4","96.6","96.8","97","97.2","97.4","97.6","97.8","98","100","99.6","100","100","100","96.6","100","100","100","100","100","100","100","100","100","",
"Rwanda","RWA","Access to electricity, rural (% of rural population)","EG.ELC.ACCS.RU.ZS","","","","","","","","","","","","","","","","","","","","","","","","","","","","","","","","","","","","","","","","","","","","0.6","1.8","0.7","4","5.2","1.5","7.6","2.6","1.1","7.3","5.8","9.2","12.5","19","23.6","28","38.3","34.9","38.2","38.2","57.9","65.2","",
"South Asia","SAS","Access to electricity, rural (% of rural population)","EG.ELC.ACCS.RU.ZS","","","","","","","","","","","","","","","","","","","","","","","","","","","","","","","","","","39.5803384393815","32.9241937450199","34.7094836201833","36.1339792308437","37.6157360897892","40.0768307388465","43.8688253436735","45.2711362901904","47.2753060764815","48.3047209482436","51.899055660489","50.4761168883182","55.9959155561047","55.5908853081955","60.0472461056035","63.0944228607208","63.5804133159791","65.4697208890479","69.5079419297212","70.573074261638","73.8912785854177","76.2262841749626","81.4025363045187","83.4714021385025","87.6922741949142","92.6372386562574","93.3714324437154","95.2834463102927","99.225480726567","99.075948466226","99.203337716228","99.8174261769095","",
"Saudi Arabia","SAU","Access to electricity, rural (% of rural population)","EG.ELC.ACCS.RU.ZS","","","","","","","","","","","","","","","","","","","","","","","","","","","","","","","100","100","100","100","100","100","100","100","100","100","100","100","100","100","100","100","100","100","100","100","100","100","100","100","100","100","100","100","100","100","100","100","100","100","100","",
"Sudan","SDN","Access to electricity, rural (% of rural population)","EG.ELC.ACCS.RU.ZS","","","","","","","","","","","","","","","","","","","","","","","","","","","","","","","19.4548132165178","11.2197237237857","10.8343538444816","10.6143440942736","11.1582587189977","11.7032773021867","12.2514904189297","12.8018831488452","13.3557695871224","13.9135440471703","4.4","13.8","14.2","14.5","14.9","15.2","15.6","16","7.3","14.7","18.2","21","23.8","26.7","28.9","32.7","35.8","38.8","41.7","44.4","46.9","49.4","49.5","54","54.2","",
"Senegal","SEN","Access to electricity, rural (% of rural population)","EG.ELC.ACCS.RU.ZS","","","","","","","","","","","","","","","","","","","","","","","","","","","","","","","","","","4.87466167299289","2.07164054676155","3.91607759069201","5.7664919620875","7.84425287953184","9.49389437250895","11.6195222574929","12.8","15.3","11.3","18.6","8.7","23.3","25.4","24.5","26.1","30.6","34.9","31.7","32.5","31.8","41","38.1","44.5","35.4","41.4","47.8","38.6","43.4","43.5","56.5","67.1","",
"Singapore","SGP","Access to electricity, rural (% of rural population)","EG.ELC.ACCS.RU.ZS","","","","","","","","","","","","","","","","","","","","","","","","","","","","","","","100","100","100","100","100","100","100","100","100","100","100","100","100","100","100","100","100","100","100","100","100","100","100","100","100","100","100","100","100","100","100","100","100","100","100","",
"Solomon Islands","SLB","Access to electricity, rural (% of rural population)","EG.ELC.ACCS.RU.ZS","","","","","","","","","","","","","","","","","","","","","","","","","","","","","","","","","","","","","","","","8.47495609330614","","","0.6","3.7","6.8","10","3.9","","19.6","9","27.9","32.2","36.5","40.4","45.5","51.5","54.9","60.5","63.6","67.6","71.5","75.4","75.4","81.3","81.1","",
"Sierra Leone","SLE","Access to electricity, rural (% of rural population)","EG.ELC.ACCS.RU.ZS","","","","","","","","","","","","","","","","","","","","","","","","","","","","","","","","","","","","","","","","","","","","","9.7","","","0.6","","1","","","1.5","","1.8","1.9","1.6","5.4","6.4","1.5","4.7","4.9","5","19","24.9","",
"El Salvador","SLV","Access to electricity, rural (% of rural population)","EG.ELC.ACCS.RU.ZS","","","","","","","","","","","","","","","","","","","","","","","","","","","","","","","","45.7945687590772","56.0829128343203","56.9280025794091","57.6617685014779","55.891715939637","56.445961175618","60.1277022247275","62.3347959934617","59.6116521935037","67.9","72.3","73","72.3","73","73.2","76.1","81","81.4","81.1","81.6","83.4","85.2","89.3","89.2","89.4","90.3","91.3","92.6","93.6","100","94.1","100","96.6","96.6","",
"San Marino","SMR","Access to electricity, rural (% of rural population)","EG.ELC.ACCS.RU.ZS","","","","","","","","","","","","","","","","","","","","","","","","","","","","","","","100","100","100","100","100","100","100","100","100","100","100","100","100","100","100","100","100","100","100","100","100","100","100","100","100","100","100","100","100","100","100","100","100","100","100","",
"Somalia, Fed. Rep.","SOM","Access to electricity, rural (% of rural population)","EG.ELC.ACCS.RU.ZS","","","","","","","","","","","","","","","","","","","","","","","","","","","","","","","","","","","","","","","","","","","","","2.4","4.7","1.7","10.8","12.7","14.7","43.2","41.7","40.7","39.7","38.9","38.1","37.3","38.4","35.3","","32.3","30.6","30.7","23.9","24.4","",
"Serbia","SRB","Access to electricity, rural (% of rural population)","EG.ELC.ACCS.RU.ZS","","","","","","","","","","","","","","","","","","","","","","","","","","","","","","","100","100","100","100","100","100","100","100","100","100","100","100","100","99.9","99.8","99.6","99.7","99.7","99.6","99.6","99.5","99.6","99.6","99.9","99.5","99.9","99.9","100","100","99.7","100","100","100","100","100","",
"Sub-Saharan Africa (excluding high income)","SSA","Access to electricity, rural (% of rural population)","EG.ELC.ACCS.RU.ZS","","","","","","","","","","","","","","","","","","","","","","","","","","","","","","","","","","","","","","","","","11.7066474191237","13.8976740987733","","14.052969192623","13.1476490517394","12.8279757226788","14.5490569037986","14.1822474137899","15.2181064322341","16.8033849092713","16.8187642832611","18.2179752184548","19.0742932055401","20.2845041522417","19.3322889819816","18.4839049406418","25.3262584092796","24.558430163363","27.2954460992132","28.085952480857","28.815525895094","30.4071418021971","30.9344710058911","33.0646580196281","35.6929065772948","",
"South Sudan","SSD","Access to electricity, rural (% of rural population)","EG.ELC.ACCS.RU.ZS","","","","","","","","","","","","","","","","","","","","","","","","","","","","","","","","","","","","","","","","","","","","","","","","","","","1","1","1.6","2.1","2.6","3.2","3.7","2.9","4.8","5.1","5.4","5.7","1.7","1.8","0.7","",
"Sub-Saharan Africa","SSF","Access to electricity, rural (% of rural population)","EG.ELC.ACCS.RU.ZS","","","","","","","","","","","","","","","","","","","","","","","","","","","","","","","","","","","","","","","","","11.7170330552878","13.9088178559122","","14.0616335693901","13.1562119003918","12.836671846324","14.5582716516483","14.1899326224363","15.2262052444875","16.8123674295811","16.827359717128","18.2260349168204","19.082311356997","20.2920825802007","19.3399832395253","18.4911203954586","25.3331364484408","24.5654860354815","27.3017065552533","28.0923542652665","28.8215748340143","30.4129569040906","30.9411284005143","33.070978820353","35.6988497074765","",
"Small states","SST","Access to electricity, rural (% of rural population)","EG.ELC.ACCS.RU.ZS","","","","","","","","","","","","","","","","","","","","","","","","","","","","","","","","","","","","","","","","","58.8810234268432","62.2249861573785","58.527993724438","60.1058788353105","61.8738916398709","63.5020476049285","63.8904782044229","69.8099772772046","68.1942457099738","67.6634099972813","70.9391223212073","74.2127407601766","75.477029152991","76.0641399863949","78.4852844584634","80.2282491194669","82.2079246317143","86.564332669832","85.8628274580042","87.8962693865757","89.6931464562111","90.7682817756348","91.3000547580664","92.1617428840377","92.2683344972475","",
"Sao Tome and Principe","STP","Access to electricity, rural (% of rural population)","EG.ELC.ACCS.RU.ZS","","","","","","","","","","","","","","","","","","","","","","","","","","","","","","","","","","","","","","","","","40.1","36.5","37.4","38.4","39.4","40.4","41.4","42.5","43.7","34.1","46.2","47.5","42.8","50.4","52.4","53.8","58.6","76.2","55.7","68.2","71","73.7","76.4","69.6","75.1","",
"Suriname","SUR","Access to electricity, rural (% of rural population)","EG.ELC.ACCS.RU.ZS","","","","","","","","","","","","","","","","","","","","","","","","","","","","","","","","","","","","","","","","99.62406","90.6","90.4","90.1","89.9","89.6","89.3","81.8","88.8","88.6","88.4","79.4","88","87.9","87.7","87.3","88.2","90.4","92.3","94.3","95.4","96.5","97.5","98","98.8","97.1","",
"Slovak Republic","SVK","Access to electricity, rural (% of rural population)","EG.ELC.ACCS.RU.ZS","","","","","","","","","","","","","","","","","","","","","","","","","","","","","","","100","100","100","100","100","100","100","100","100","100","100","100","100","100","100","100","100","100","100","100","100","100","100","100","100","100","100","100","100","100","100","100","100","100","100","",
"Slovenia","SVN","Access to electricity, rural (% of rural population)","EG.ELC.ACCS.RU.ZS","","","","","","","","","","","","","","","","","","","","","","","","","","","","","","","100","100","100","100","100","100","100","100","100","100","100","100","100","100","100","100","100","100","100","100","100","100","100","100","100","100","100","100","100","100","100","100","100","100","100","",
"Sweden","SWE","Access to electricity, rural (% of rural population)","EG.ELC.ACCS.RU.ZS","","","","","","","","","","","","","","","","","","","","","","","","","","","","","","","100","100","100","100","100","100","100","100","100","100","100","100","100","100","100","100","100","100","100","100","100","100","100","100","100","100","100","100","100","100","100","100","100","100","100","",
"Eswatini","SWZ","Access to electricity, rural (% of rural population)","EG.ELC.ACCS.RU.ZS","","","","","","","","","","","","","","","","","","","","","","","","","","","","","","","","","","","","","","","","","10.4","18.3","16.7","19.8","23","26.1","27.3","32.4","35.5","28.9","39.8","44.7","48.2","51.8","59.3","59.1","58.1","69.8","69.7","72.9","76.1","79.1","81.6","84.9","88.3","",
"Sint Maarten (Dutch part)","SXM","Access to electricity, rural (% of rural population)","EG.ELC.ACCS.RU.ZS","","","","","","","","","","","","","","","","","","","","","","","","","","","","","","","","","","","","","","","","","","","","","","","","","","","100","100","100","100","100","100","100","100","100","100","100","100","100","100","100","",
"Seychelles","SYC","Access to electricity, rural (% of rural population)","EG.ELC.ACCS.RU.ZS","","","","","","","","","","","","","","","","","","","","","","","","","","","","","","","","","","","81.3051281349631","85.5084110027475","86.1666082810887","84.9802673137764","87.5086747413272","88.1962329164559","89.5","90","93.4","91","91.5","92.1","99.2","93.1","93.7","94.3","94.4","96.4","96.7","96.2","100","100","100","100","100","100","100","100","100","100","100","",
"Syrian Arab Republic","SYR","Access to electricity, rural (% of rural population)","EG.ELC.ACCS.RU.ZS","","","","","","","","","","","","","","","","","","","","","","","","","","","","","","","","","","","","","","","","","87.1","86.4","72.2","84.8","84","83.1","99.2","81.5","80.8","80.2","83.6","81.2","80","79.8","79.8","79.1","78.4","77.7","69.5","76.2","75.4","74.5","75","72.8","61.6","",
"Turks and Caicos Islands","TCA","Access to electricity, rural (% of rural population)","EG.ELC.ACCS.RU.ZS","","","","","","","","","","","","","","","","","","","","","","","","","","","","","","","56.6418975604167","63.9897826510626","63.6777732784282","63.4153928079111","63.2214277931774","63.1171486146988","63.1257800417762","63.2278234031507","63.4221512167133","63.759660558811","72.7","66.9","67.5","68.2","69","70","71","72.2","73.5","100","100","100","100","100","100","100","100","100","100","100","100","100","100","100","100","",
"Chad","TCD","Access to electricity, rural (% of rural population)","EG.ELC.ACCS.RU.ZS","","","","","","","","","","","","","","","","","","","","","","","","","","","","","","","","","","","","","","","0.957223532051433","1.12140713399091","1.2","1.3","1.4","1.5","","1.6","1.8","1.9","2","2.2","3","7.7","3","3","3","0.5","2.8","4.2","2.3","","1.6","1.3","1.3","0.4","100","",
"East Asia & Pacific (IDA & IBRD countries)","TEA","Access to electricity, rural (% of rural population)","EG.ELC.ACCS.RU.ZS","","","","","","","","","","","","","","","","","","","","","","","","","","","","","","","","","","","","","","","","","87.0096108283012","88.561606113451","88.2742484993965","88.2288416738338","89.7105705327293","88.7541591252174","90.4703697164663","90.1273152682074","91.0740318601143","91.8975694154436","92.8294782232856","93.5375812163679","93.8602752624683","94.1619848521775","94.3585803762619","94.8314094961415","94.7577633876715","96.1867300264277","95.9159636062935","96.2604247649425","95.9051086097306","96.6669885091041","96.4263302176915","97.1237449197492","97.2418705718474","",
"Europe & Central Asia (IDA & IBRD countries)","TEC","Access to electricity, rural (% of rural population)","EG.ELC.ACCS.RU.ZS","","","","","","","","","","","","","","","","","","","","","","","","","","","","","","","","","","","","","99.8200702147684","99.7989438126885","99.8122116235766","99.4411537526931","97.4627392790146","97.6564422844245","97.8459579182706","97.9586571054932","98.0209168647074","98.1999559380354","98.2695437921915","98.4218795138498","98.5056304807003","98.6639841377118","99.190521788148","99.120912949011","99.3285461063231","99.4016296546812","99.4945406903079","98.6299745654957","99.6934143989093","99.8486798765314","99.899655755896","99.9498042064987","99.9738605184449","99.9468127652317","99.9823867704836","100","99.9944739939692","",
"Togo","TGO","Access to electricity, rural (% of rural population)","EG.ELC.ACCS.RU.ZS","","","","","","","","","","","","","","","","","","","","","","","","","","","","","","","","","","","","","","","3.10279958670469","3.13197689466699","6.4","5.4","6.5","7.6","8.7","9.8","7.4","11.8","12.9","13.9","9.3","16.3","15.8","17.1","21.1","19.8","21","19.5","26.3","23.9","24.3","24.7","25.9","30.5","33.9","",
"Thailand","THA","Access to electricity, rural (% of rural population)","EG.ELC.ACCS.RU.ZS","","","","","","","","","","","","","","","","","","","","","","","","","","","","","","","","","","","","","","","","","74","85.9","86.6","87.4","88.1","88.9","98.8","90.6","91.5","98.9","99.5","99","98.8","99","99.2","99.5","99.9","99.9","99.7","99.9","100","100","100","100","100","",
"Tajikistan","TJK","Access to electricity, rural (% of rural population)","EG.ELC.ACCS.RU.ZS","","","","","","","","","","","","","","","","","","","","","","","","","","","","","","","","","","","","","","","","95.9328799309966","98","98.2","98.8","100","98.2","99.2","98.3","98.3","98.4","98.9","98.6","98.7","98.8","98.9","99","97.8","99.2","99.3","99.3","99.6","99.7","99.8","100","100","99.9","",
"Turkmenistan","TKM","Access to electricity, rural (% of rural population)","EG.ELC.ACCS.RU.ZS","","","","","","","","","","","","","","","","","","","","","","","","","","","","","","","","","","","","","","","","","99.5","99.6","99.6","99.5","99.5","99.5","99.8","99.5","99.5","99.6","100","99.7","99.8","99.9","100","100","100","100","100","99.9","100","100","100","100","100","",
"Latin America & the Caribbean (IDA & IBRD countries)","TLA","Access to electricity, rural (% of rural population)","EG.ELC.ACCS.RU.ZS","","","","","","","","","","","","","","","","","","","","","","","","","","","","","","","","","64.1638885955646","65.158180682764","67.2868851380428","63.2605030812836","65.8330827126474","66.7133694279139","68.3200700192639","69.7598490176482","70.6817455338813","73.6902185727596","74.1800370789169","74.583383247952","75.4728748129401","76.5327500341592","78.8429184694775","79.3137804394321","81.7016698734919","82.3061950669333","83.7935485220162","84.8387859629968","86.1879375499862","87.1303332402041","87.7629356679303","88.9563884508934","93.3738890676317","90.388787607714","90.337333627585","91.1749831401808","96.0143142354421","96.7271555450348","96.9735039892892","92.6086832788593","90.8151824517992","",
"Timor-Leste","TLS","Access to electricity, rural (% of rural population)","EG.ELC.ACCS.RU.ZS","","","","","","","","","","","","","","","","","","","","","","","","","","","","","","","","","","","","","","","","","1.2","10.7","7.9","12.1","14.6","18","21.4","19.9","28.4","31.9","20.6","39","42.6","46.2","49.8","55.6","67.2","70.9","78.8","86.5","94.2","100","100","100","92.1","",
"Middle East, North Africa, Afghanistan & Pakistan (IDA & IBRD)","TMN","Access to electricity, rural (% of rural population)","EG.ELC.ACCS.RU.ZS","","","","","","","","","","","","","","","","","","","","","","","","","","","","","","","","","","","","","","","64.4682356978396","64.6405771598292","73.5582439967868","74.2970136890867","74.6546118157242","71.0749195551253","71.6064366282686","73.5575291302506","76.3290892957075","75.4411210338809","76.8318787910361","78.1530961188152","81.6285298489682","81.7945268755148","83.7872117901837","86.7386904340674","88.3935397237835","87.2052392271718","90.6828526841451","92.5307622419328","93.710983725234","92.3738334015261","92.8415323691485","93.0647233378539","92.155613972539","92.8167993722509","93.8121704796967","",
"Tonga","TON","Access to electricity, rural (% of rural population)","EG.ELC.ACCS.RU.ZS","","","","","","","","","","","","","","","","","","","","","","","","","","","","","","","","","","","75.447018033592","77.6986529216515","78.6292575166609","79.5615483665546","80.495119142253","81.4290171613995","82.4","83.2","84.1","84.9","85.8","86.6","90.7","88.4","89.3","90.3","91.2","90.6","91.3","94.1","95","100","96.5","97.8","98.8","97.9","99.8","100","100","100","100","",
"South Asia (IDA & IBRD)","TSA","Access to electricity, rural (% of rural population)","EG.ELC.ACCS.RU.ZS","","","","","","","","","","","","","","","","","","","","","","","","","","","","","","","","","","39.5803384393815","32.9241937450199","34.7094836201833","36.1339792308437","37.6157360897892","40.0768307388465","43.8688253436735","45.2711362901904","47.2753060764815","48.3047209482436","51.899055660489","50.4761168883182","55.9959155561047","55.5908853081955","60.0472461056035","63.0944228607208","63.5804133159791","65.4697208890479","69.5079419297212","70.573074261638","73.8912785854177","76.2262841749626","81.4025363045187","83.4714021385025","87.6922741949142","92.6372386562574","93.3714324437154","95.2834463102927","99.225480726567","99.075948466226","99.203337716228","99.8174261769095","",
"Sub-Saharan Africa (IDA & IBRD countries)","TSS","Access to electricity, rural (% of rural population)","EG.ELC.ACCS.RU.ZS","","","","","","","","","","","","","","","","","","","","","","","","","","","","","","","","","","","","","","","","","11.7170330552878","13.9088178559122","","14.0616335693901","13.1562119003918","12.836671846324","14.5582716516484","14.1899326224363","15.2262052444875","16.8123674295811","16.827359717128","18.2260349168204","19.082311356997","20.2920825802007","19.3399832395253","18.4911203954586","25.3331364484408","24.5654860354815","27.3017065552533","28.0923542652665","28.8215748340143","30.4129569040906","30.9411284005143","33.070978820353","35.6988497074766","",
"Trinidad and Tobago","TTO","Access to electricity, rural (% of rural population)","EG.ELC.ACCS.RU.ZS","","","","","","","","","","","","","","","","","","","","","","","","","","","","","","","","","","","","","","","","","80.2","91.8","92.3","92.8","93.3","89.3","100","100","100","100","100","100","100","100","100","100","100","100","100","100","100","100","100","98","100","",
"Tunisia","TUN","Access to electricity, rural (% of rural population)","EG.ELC.ACCS.RU.ZS","","","","","","","","","","","","","","","","","","","","","","","","","","","","","","","","","","","66.2887795086333","70.821527662192","74.9412991978345","78.911073569339","81.9126247410442","84.4631206306756","86.8","93.6","94.4","96","97.7","98.3","98.8","98.8","98.8","99.1","98.6","98.9","98.5","99.1","99.4","99.9","100","100","99.6","100","99.7","99.7","100","100","100","",
"Turkiye","TUR","Access to electricity, rural (% of rural population)","EG.ELC.ACCS.RU.ZS","","","","","","","","","","","","","","","","","","","","","","","","","","","","","","","","","","","","","","","","","100","100","100","100","100","100","100","100","99.9","99.9","100","100","100","100","100","100","100","100","100","100","100","100","100","100","100","",
"Tuvalu","TUV","Access to electricity, rural (% of rural population)","EG.ELC.ACCS.RU.ZS","","","","","","","","","","","","","","","","","","","","","","","","","","","","","","","","","","","","","","","","","93.4","93.6","94","93.9","94.1","94.2","94.4","94.7","94.7","94.9","95.1","95.2","96.2","95.7","96","96.3","93.8","97","97.4","99.5","98.4","99.1","99.1","100","100","",
"Tanzania","TZA","Access to electricity, rural (% of rural population)","EG.ELC.ACCS.RU.ZS","","","","","","","","","","","","","","","","","","","","","","","","","","","","","","","","","2.64826052829766","","","","2.50879709356004","","0.853170550879861","2.57321178552214","1.7","2.5","3.2","3.2","2.6","4.9","5.5","6","1","","2.5","2.6","2.3","1.7","10","11.3","17.3","16","18.1","19","22","23.3","36","27.9","33.7","",
"Uganda","UGA","Access to electricity, rural (% of rural population)","EG.ELC.ACCS.RU.ZS","","","","","","","","","","","","","","","","","","","","","","","","","","","","","","","","1.97801908193011","","","","1.87703039726314","","","","0.525055022127252","1.6","2.3","2","4.1","4.9","0.7","2.1","7.4","8.3","1.9","3.5","4.5","11.7","2.8","11.9","9","17.7","23","32.5","31.8","32.8","35.9","35.9","42.4","44.8","",
"Ukraine","UKR","Access to electricity, rural (% of rural population)","EG.ELC.ACCS.RU.ZS","","","","","","","","","","","","","","","","","","","","","","","","","","","","","","","100","100","100","100","100","100","100","100","100","100","98.3","98.5","98.7","98.8","99","99.8","99.3","99.6","99.6","99.8","99.9","100","99.8","100","100","100","100","100","100","100","100","100","100","100","100","",
"Upper middle income","UMC","Access to electricity, rural (% of rural population)","EG.ELC.ACCS.RU.ZS","","","","","","","","","","","","","","","","","","","","","","","","","","","","","","","","","","","","","","","","","88.8098871973695","89.5841426427321","90.5118537514986","90.512338251853","92.021433138273","91.3143788211322","92.9277474483807","92.8146504703965","93.7803737875706","94.6355736042062","95.6408531821344","96.1863295828821","96.5729891061064","96.929043388113","97.3331177990502","97.4481768600571","97.7177141990371","98.1452178125868","98.2605969863544","98.4532893766934","98.4870943084416","99.1208987925646","98.8647103956832","99.1925824813825","98.458382164001","",
"Uruguay","URY","Access to electricity, rural (% of rural population)","EG.ELC.ACCS.RU.ZS","","","","","","","","","","","","","","","","","","","","","","","","","","","","","","","","","77.2005902678541","73.2686698192808","73.5476591596717","73.9571549138308","62.0482294524734","73.9576901943799","74.7242211245104","76.9679349981963","78.1","80.3","80.9","81.6","82.2","82.8","86.6","88.2","88","92.6","94.2","94.6","100","100","100","100","100","100","100","100","100","100","100","100","99.3","",
"United States","USA","Access to electricity, rural (% of rural population)","EG.ELC.ACCS.RU.ZS","","","","","","","","","","","","","","","","","","","","","","","","","","","","","","","100","100","100","100","100","100","100","100","100","100","100","100","100","100","100","100","100","100","100","100","100","100","100","100","100","100","100","100","100","100","100","100","100","100","100","",
"Uzbekistan","UZB","Access to electricity, rural (% of rural population)","EG.ELC.ACCS.RU.ZS","","","","","","","","","","","","","","","","","","","","","","","","","","","","","","","","","","","","","99.2830513335245","99.0158555986669","99.101657729826","99.1964889120685","99.4","99.4","99.5","99.3","99.2","99.2","99.2","99.2","99.2","99.2","99.2","99.3","99.4","99.6","99.7","99.8","99.9","99.9","100","100","100","99.8","100","100","100","",
"St. Vincent and the Grenadines","VCT","Access to electricity, rural (% of rural population)","EG.ELC.ACCS.RU.ZS","","","","","","","","","","","","","","","","","","","","","","","","","","","","","","","","56.8838745754464","60.233395579953","61.9366819340052","63.6547768256025","65.3887713431267","67.1409093785034","68.9138392921728","70.7087132362425","72.5261210276992","74.5","78.8","78","79.7","81.5","83.3","85.1","86.6","88.8","90.7","92.7","94.7","96.7","98.7","100","100","100","100","100","100","100","100","100","100","100","",
"Venezuela, RB","VEN","Access to electricity, rural (% of rural population)","EG.ELC.ACCS.RU.ZS","","","","","","","","","","","","","","","","","","","","","","","","","","","","","","","","","85.7920054399949","90.5958557563391","90.5267747081296","94.6949943288534","90.5297469482926","92.209364056285","92.3986895888197","94.7896844920653","91.9","99.2","99.8","67.3","95.6","93","97.2","93.1","93.2","93.3","93.4","90.8","94.1","94.7","100","100","94.9","93.2","99","98.7","99.3","99.9","100","100","100","",
"British Virgin Islands","VGB","Access to electricity, rural (% of rural population)","EG.ELC.ACCS.RU.ZS","","","","","","","","","","","","","","","","","","","","","","","","","","","","","","","94.0837968319117","94.2709901768486","94.4866680317912","94.7034622008672","94.9221384530102","95.144044124297","95.370310113308","95.6021055274617","95.84089306977","96.0867978807906","96.7","96.8","96.9","97","97.1","97.3","97.4","97.6","97.7","97.9","97.5","98","98.2","98.4","98.7","100","100","100","100","100","100","100","100","100","100","",
"Virgin Islands (U.S.)","VIR","Access to electricity, rural (% of rural population)","EG.ELC.ACCS.RU.ZS","","","","","","","","","","","","","","","","","","","","","","","","","","","","","","","100","100","100","100","100","100","100","100","100","100","100","100","100","100","100","100","100","100","100","100","100","100","100","100","100","100","100","100","100","100","100","100","100","100","100","",
"Viet Nam","VNM","Access to electricity, rural (% of rural population)","EG.ELC.ACCS.RU.ZS","","","","","","","","","","","","","","","","","","","","","","","","","","","","","","","","","","","","","","72.3781526090116","82.2703123770582","83.2338242443129","84.7","85.5","85.6","87.1","88","94.8","94.8","90.6","91.6","94.6","96.4","98.5","97","97.8","98.9","98.9","98.8","100","100","99.1","99.7","100","100","99.8","100","",
"Vanuatu","VUT","Access to electricity, rural (% of rural population)","EG.ELC.ACCS.RU.ZS","","","","","","","","","","","","","","","","","","","","","","","","","","","","","","","","","","","4.24851072954145","","","1.16437370874822","3.02101556005673","3.33059627538822","6.8","8.6","10.4","12.3","14.1","16","9.2","17.8","21.7","17.6","31.7","27.9","30","13.8","36.2","39.9","46.6","53","50.9","54.3","57.5","60.7","60.8","54","58.5","",
"World","WLD","Access to electricity, rural (% of rural population)","EG.ELC.ACCS.RU.ZS","","","","","","","","","","","","","","","","","","","","","","","","","","","","","","","","","","","","","","","","","66.5045177650343","68.3536840721159","68.5592898302818","67.3771165113731","67.0821323220253","68.4018582074757","69.0590197673579","69.0999727743199","70.880380709995","72.426719975586","73.0631473832239","74.2077064170812","74.8641059352209","75.9412984209976","76.1336089878728","76.5936242261213","79.1645819936555","80.8575292596875","81.9366171403556","82.6158530717673","82.9481576662001","84.4796396816111","84.0067645437043","84.4090302366377","84.8934296194104","",
"Samoa","WSM","Access to electricity, rural (% of rural population)","EG.ELC.ACCS.RU.ZS","","","","","","","","","","","","","","","","","","","","","","","","","","","","","","","","73.8819044183384","77.430973090742","78.3658504639317","75.2197021127811","80.2407426538531","81.1808712088695","82.1231409035882","83.06693319734","84.0124695850263","85.2","86","86.8","87.6","88.4","89.2","95.8","90.9","98.1","97.4","95.8","96.2","96.2","96.4","97.5","97.8","98.7","96.1","99.8","99","100","97.9","99","100","100","",
"Kosovo","XKX","Access to electricity, rural (% of rural population)","EG.ELC.ACCS.RU.ZS","","","","","","","","","","","","","","","","","","","","","","","","","","","","","","","100","100","100","100","100","100","100","100","100","100","","","","","","","","","","","","","","","","","","","","","","","","","","",
"Yemen, Rep.","YEM","Access to electricity, rural (% of rural population)","EG.ELC.ACCS.RU.ZS","","","","","","","","","","","","","","","","","","","","","","","","","","","","","","","","","30.7704468883827","25.8951904860915","26.93787919263","28.0406666148087","29.1963538905913","27.0815793448585","31.5388622478998","32.7253593273838","34","35.1","36.3","37.4","32.9","40.1","39.4","42.1","43.4","44.7","42.5","44","29.4","64","50.6","53.7","55.6","71.4","","60.7","62.1","63.4","63.5","75.3","81.3","",
"South Africa","ZAF","Access to electricity, rural (% of rural population)","EG.ELC.ACCS.RU.ZS","","","","","","","","","","","","","","","","","","","","","","","","","","","","","","","","","","","","","23.7916102466752","49.6544141692749","40.4060402668527","52.8789748424114","54.9","49.4","64.3","66.3","73.2","73.4","72.9","75.9","75.3","76.7","76.9","78.6","82.6","82.4","84.1","82.1","77.9","79.1","79.7","80.4","95.5","93.4","93.4","94","86.3","",
"Zambia","ZMB","Access to electricity, rural (% of rural population)","EG.ELC.ACCS.RU.ZS","","","","","","","","","","","","","","","","","","","","","","","","","","","","","","","","","6.67226875555072","","0.572324599248719","1.29155598900718","1.80335801462763","2.75654799307165","2.88768282232819","4.25715558615297","2.1","5.8","2.2","1.9","4.7","6.7","7","0.6","7.4","7.6","4","8.1","8.2","8.4","4.2","4.7","9.9","14","12.4","14.2","14","14.5","15","17.6","31.3","",
"Zimbabwe","ZWE","Access to electricity, rural (% of rural population)","EG.ELC.ACCS.RU.ZS","","","","","","","","","","","","","","","","","","","","","","","","","","","","","","","","","3.0640699844598","6.81137772522481","4.23310749673117","7.02126705731805","7.12563619406345","7.23135784697343","7.33813858843812","13.8849303894306","7.3","7.6","7.2","8.8","9.8","10.7","9.4","12.7","13.8","19.6","15.8","14.1","23.8","18.9","7.7","10.9","21.9","24.2","26.4","28.3","37.1","31.6","33.7","51.4","46.6","",
